n,Lambda,Condition,Lambda_2,Covariate Condition
500,0.001,237.24336096262624,0.001,453.1548557699923
507,0.001,233.28822579998928,0.001,453.3337754030076
514,0.001,242.1267470984729,0.001,453.00437605378613
521,0.001,236.1870777314799,0.001,452.4245108570728
528,0.0008105263157894737,288.727447494897,0.001,452.46555503397235
535,0.001,229.17103092691974,0.001,452.31544590986584
542,0.0005736842105263159,406.47807775942346,0.001,452.3512152395117
549,0.0009052631578947369,257.4026467500133,0.001,452.39314348280124
556,0.0009526315789473685,242.896551010899,0.001,452.285611018931
563,0.0008105263157894737,279.1038093817352,0.001,452.53888573918005
570,0.001,229.63789323582236,0.001,452.74911709462896
577,0.001,243.75772797608104,0.001,452.97280688105974
584,0.0005736842105263159,414.1622398034045,0.001,453.47355423052903
591,0.001,231.42921704261045,0.001,453.1312626131876
598,0.001,228.9236422184586,0.001,453.3544901298421
605,0.001,239.0509747094306,0.001,453.6616887210185
612,0.001,232.30854997053117,0.001,453.90118164549716
619,0.0005736842105263159,410.77208833864256,0.001,453.5601240030345
626,0.001,234.18899321611653,0.001,454.05006047288185
633,0.0008578947368421052,271.61519850312635,0.001,453.9603725766994
640,0.001,239.6574646232089,0.001,453.77211739403526
647,0.0008578947368421052,278.29984837097487,0.0003842105263157895,1179.2203624744386
654,0.0005736842105263159,413.183780787247,0.001,453.8082904745824
661,0.0006210526315789473,383.55780896538846,0.001,453.5740248080906
668,0.00047894736842105264,500.44349690704337,0.001,453.2696741764424
675,0.0009526315789473685,250.13044268278068,0.001,453.3220132801403
682,0.00047894736842105264,492.61403667792985,0.001,453.1034755519788
689,0.0005263157894736842,447.44283059181555,0.001,453.3804049511968
696,0.0007631578947368421,304.8654177699693,0.001,453.36368363981785
703,0.00047894736842105264,485.4951019377593,0.001,453.1453771489066
710,0.0007631578947368421,310.00743964004266,0.001,453.3411484601748
717,0.0009526315789473685,249.4448025476371,0.001,453.4204728192162
724,0.001,234.0465028635743,0.001,453.66926384826394
731,0.0005736842105263159,403.9540840470473,0.001,453.47200109100214
738,0.0005263157894736842,446.09464104307045,0.001,452.9875313253556
745,0.0007157894736842105,326.4695509141625,0.001,453.2084897909208
752,0.0006210526315789473,378.67419113775577,0.001,453.21160767990085
759,0.0004315789473684211,513.104998716744,0.001,453.06437180876037
766,0.0005263157894736842,440.9786224085545,0.001,452.95483285860377
773,0.0007157894736842105,329.03505640122125,0.001,452.98968879569344
780,0.001,234.30756358111552,0.001,452.7720604105716
787,0.0008105263157894737,290.89664953383914,0.001,452.92424716020685
794,0.00024210526315789473,975.1334788196392,0.001,452.84182819955515
801,0.00033684210526315785,719.8098793738283,0.0009052631578947369,499.8010209904659
808,0.0009526315789473685,248.18126073332692,0.001,452.30933931863245
815,0.00047894736842105264,483.7173422777068,0.001,452.5923753657634
822,0.0005736842105263159,405.9748847662278,0.001,452.7181716284327
829,0.0001473684210526316,1556.6190857252795,0.001,452.5312159403925
836,0.00047894736842105264,488.1339543357348,0.001,452.7037922260265
843,0.0009526315789473685,252.62024017276,0.001,452.99236639941483
850,0.0008578947368421052,272.004979107115,0.0005263157894736842,859.8470123573087
857,0.0004315789473684211,530.144018887214,0.001,452.8357384164842
864,0.00033684210526315785,684.9816146001325,0.001,452.8660964594589
871,0.000668421052631579,344.7861614470995,0.001,452.6455472264769
878,0.0007157894736842105,322.7041923282503,0.001,452.5407552396013
885,0.0004315789473684211,543.1367989680298,0.0007157894736842105,632.2601328097912
892,0.0005736842105263159,415.1239218995032,0.001,452.7204795034101
899,0.0008578947368421052,270.3248767310129,0.001,452.2420966907948
906,0.0004315789473684211,550.9922328504601,0.001,452.6074689974429
913,0.0005736842105263159,412.20179055368885,0.001,452.4306576423939
920,0.00019473684210526317,1199.0793554794288,0.001,452.48346522898834
927,0.0005736842105263159,409.3090582927344,0.001,452.4430361625556
934,0.0006210526315789473,384.45395475776,0.001,452.36244786434037
941,0.0007631578947368421,309.6496566569016,0.0009526315789473685,474.50635880276747
948,0.0007157894736842105,331.19678380958374,0.001,451.99976355946416
955,0.0005263157894736842,441.3746310957085,0.0007157894736842105,630.8895012991984
962,0.00024210526315789473,970.1426755714313,0.0009526315789473685,474.8147567487893
969,0.00047894736842105264,491.05615210309094,0.0005263157894736842,858.8512597055577
976,0.0002894736842105263,813.2132533212588,0.001,452.3566360984171
983,0.0004315789473684211,550.9630263882087,0.001,452.523706474139
990,0.0005263157894736842,456.2197579452025,0.0006210526315789473,728.0293614884416
997,0.0003842105263157895,613.5028080200669,0.0009526315789473685,474.997415232136
1005,0.00047894736842105264,494.7376600423109,0.001,452.547491330333
1012,0.0002894736842105263,820.3699604365445,0.0007157894736842105,632.0578589112674
1019,0.0003842105263157895,614.7554581209549,0.001,452.69016453155973
1026,0.0003842105263157895,623.4393862085699,0.0007631578947368421,593.0073810253336
1033,0.0003842105263157895,611.8288369787175,0.0009052631578947369,500.22705687029224
1040,0.0007157894736842105,332.49456597961944,0.0009526315789473685,475.59012085319097
1047,0.0008105263157894737,291.47934105825686,0.0008105263157894737,558.6729505695729
1054,0.0003842105263157895,613.925524365981,0.001,452.7273504337378
1061,0.0007631578947368421,313.22468969199247,0.0009526315789473685,475.0743401633932
1068,0.0006210526315789473,377.6644586172741,0.0008578947368421052,527.5446042646087
1075,0.00024210526315789473,1002.2995821909308,0.001,452.7930810959377
1082,0.0006210526315789473,387.0669458784409,0.000668421052631579,677.2013239560561
1089,0.00047894736842105264,502.11344436284384,0.001,452.90429719081
1096,0.000668421052631579,362.68117514092353,0.0007631578947368421,593.3403695112297
1103,0.0005736842105263159,411.2372878572849,0.0007631578947368421,593.0502395899189
1110,0.00047894736842105264,494.3528177218695,0.001,452.6349915977285
1117,0.0004315789473684211,552.6090334621989,0.001,452.6521010273193
1124,0.00033684210526315785,698.697745703802,0.001,452.4268571984703
1131,0.00019473684210526317,1215.310112983444,0.001,452.72460289279724
1138,0.000668421052631579,360.6257256745079,0.001,452.9221613183021
1145,0.0008578947368421052,279.61043322357415,0.0009052631578947369,500.1908217370413
1152,0.0005736842105263159,413.48742508219,0.0006210526315789473,728.4639737981147
1159,0.0002894736842105263,814.0545579071014,0.001,452.8839094035009
1166,0.00047894736842105264,493.5040772720882,0.0007157894736842105,632.0594050834122
1173,0.0005263157894736842,452.4865922092105,0.001,452.6677630410874
1180,0.00047894736842105264,490.91251947003815,0.00033684210526315785,1342.0702514725483
1187,0.0004315789473684211,549.3127554387453,0.001,452.55224211103297
1194,0.0002894736842105263,817.7622540667269,0.0008105263157894737,558.1897988584758
1201,0.00024210526315789473,989.0024824579295,0.001,452.4869455696001
1208,0.0006210526315789473,382.0177775939974,0.0005263157894736842,859.108663343515
1215,0.0003842105263157895,606.2304330425978,0.001,452.59645677623115
1222,0.0005263157894736842,437.9417804901391,0.0004315789473684211,1047.527735567407
1229,0.0005263157894736842,450.61991129618235,0.001,452.7912554051109
1236,0.0002894736842105263,803.1149308002091,0.0006210526315789473,728.2275402606971
1243,0.000668421052631579,348.3754060949023,0.0008105263157894737,558.0946172829185
1250,0.0005736842105263159,414.31648419741236,0.001,452.45182827684476
1257,0.00033684210526315785,690.1461900193793,0.001,452.34403984990973
1264,0.00033684210526315785,698.4730382909054,0.001,452.4080811120883
1271,0.0003842105263157895,603.8837949209928,0.0003842105263157895,1176.4332137955637
1278,0.0005263157894736842,444.4294019648031,0.001,452.60593274443505
1285,0.0003842105263157895,605.4719119634169,0.001,452.77340705201937
1292,0.0003842105263157895,615.731614314267,0.0007631578947368421,593.3008894799202
1299,0.0003842105263157895,598.4787417481434,0.0005263157894736842,859.8591317222268
1306,0.00047894736842105264,486.78775352700603,0.0005263157894736842,859.665756854943
1313,0.0003842105263157895,599.0891936563983,0.001,452.9900480494439
1320,0.00047894736842105264,493.1231093260573,0.0007631578947368421,593.1973239398809
1327,0.00033684210526315785,687.413921752546,0.001,453.0812861948525
1334,0.0004315789473684211,542.8976776534131,0.0009052631578947369,500.54122153388084
1341,0.00024210526315789473,953.1284276411861,0.001,453.1445536010309
1348,0.0004315789473684211,545.6499852351818,0.0005736842105263159,789.591801383748
1355,0.00033684210526315785,689.8034953981635,0.0009052631578947369,500.6044581255815
1362,0.0004315789473684211,543.8256191224208,0.001,453.3940014748825
1369,0.0002894736842105263,802.6560519134387,0.0003842105263157895,1178.734394715459
1376,0.0003842105263157895,603.7809892098811,0.001,453.46341874610266
1383,0.0005263157894736842,454.49660926350197,0.0009052631578947369,501.06543488517786
1390,0.0004315789473684211,548.8378686537718,0.001,453.5425870036661
1397,0.0002894736842105263,825.4313413518473,0.001,453.4823318259458
1404,0.00047894736842105264,493.9263647897588,0.001,453.602633674696
1411,0.0003842105263157895,601.2356561995791,0.001,453.35899317937566
1418,0.0004315789473684211,543.2263264088352,0.0008105263157894737,559.1155546906616
1425,0.0003842105263157895,610.6551354649717,0.0009526315789473685,476.05038557602177
1432,0.0003842105263157895,613.3440741993517,0.0007157894736842105,633.3228545509306
1439,0.0003842105263157895,608.7268328005409,0.0008578947368421052,528.4914104959862
1446,0.00033684210526315785,702.2002133108922,0.0007157894736842105,633.1172818617155
1453,0.0002894736842105263,803.045734113675,0.0009526315789473685,475.9691460049806
1460,0.0006210526315789473,375.8446002117247,0.001,453.4938210175135
1467,0.00019473684210526317,1197.4681858018328,0.0007631578947368421,594.0146929921161
1474,0.00047894736842105264,495.1117183442811,0.0007631578947368421,593.8973494619603
1481,0.00047894736842105264,492.486968399087,0.0008578947368421052,529.0406179567981
1488,0.0006210526315789473,378.33654803065366,0.0005736842105263159,790.7997846011086
1495,0.00024210526315789473,970.7201786706886,0.0007157894736842105,634.1009739894658
1503,0.0002894736842105263,810.2087936985953,0.0007631578947368421,594.8254139003889
1510,0.0003842105263157895,605.1643496451804,0.0009052631578947369,501.7496886952705
1517,0.00024210526315789473,963.0125364775608,0.0007157894736842105,634.0637520108407
1524,0.00019473684210526317,1184.5121894034178,0.0005263157894736842,861.751406710632
1531,0.0003842105263157895,597.6496995029581,0.0008578947368421052,529.0113579154961
1538,0.0004315789473684211,532.5839919208852,0.0003842105263157895,1180.0255455164213
1545,0.0003842105263157895,606.5626808976548,0.0008105263157894737,559.982340179496
1552,0.00024210526315789473,959.5099367071247,0.0008578947368421052,529.0411586015199
1559,0.00047894736842105264,483.2540164227529,0.0003842105263157895,1180.1230839666684
1566,0.00019473684210526317,1183.338198827068,0.0001,4531.021712806819
1573,0.0003842105263157895,599.6544278652219,0.0004315789473684211,1051.4397038941788
1580,0.00033684210526315785,692.2075286400278,0.001,454.1703676797421
1587,0.0005736842105263159,402.49332467107257,0.0009052631578947369,501.5551205958274
1594,0.0004315789473684211,535.7488501420295,0.0005263157894736842,861.949128682802
1601,0.00024210526315789473,930.1427565581175,0.0008578947368421052,528.9348051812495
1608,0.0003842105263157895,595.5531818504242,0.000668421052631579,678.3332177177974
1615,0.0004315789473684211,532.5314130153814,0.0008105263157894737,559.6072770074184
1622,0.0003842105263157895,595.9227263185923,0.0008105263157894737,559.7177076002384
1629,0.0005263157894736842,434.8546656319135,0.0008105263157894737,559.5971396798813
1636,0.0002894736842105263,789.8164536311434,0.0008578947368421052,528.888431373211
1643,0.0003842105263157895,587.9853320306239,0.0007631578947368421,594.3790181317711
1650,0.0002894736842105263,775.1534494400266,0.0004315789473684211,1050.03981679397
1657,0.0002894736842105263,783.7376340476937,0.0007631578947368421,594.1617701892557
1664,0.0004315789473684211,526.1425333550068,0.0009526315789473685,476.1040070427301
1671,0.0004315789473684211,532.6944279915026,0.0007157894736842105,633.0548561440057
1678,0.00019473684210526317,1172.5463503424292,0.0008105263157894737,559.1098359095224
1685,0.0004315789473684211,525.2839076592483,0.000668421052631579,677.5794285121042
1692,0.0003842105263157895,588.7838206764096,0.0009526315789473685,475.8763502541668
1699,0.00019473684210526317,1160.8980720672882,0.0007157894736842105,632.8966553688572
1706,0.00047894736842105264,476.41562800322544,0.00047894736842105264,945.4424012049561
1713,0.0002894736842105263,786.5882486132944,0.0005736842105263159,789.4319789636552
1720,0.0004315789473684211,526.8335562822305,0.0008105263157894737,558.9384826072551
1727,0.00024210526315789473,955.2694028075264,0.00047894736842105264,945.3391866430089
1734,0.0004315789473684211,534.4250494833893,0.0009526315789473685,475.6863626845004
1741,0.0001473684210526316,1526.1625193091986,0.0005736842105263159,789.0525199786345
1748,0.0003842105263157895,596.5553049129699,0.0007631578947368421,593.3420402325829
1755,0.0002894736842105263,797.2285646524604,0.0005736842105263159,789.131946800595
1762,0.00033684210526315785,685.8429289289567,0.0008105263157894737,558.7726332925777
1769,0.00033684210526315785,668.671718789974,0.001,452.9722084667797
1776,0.0005263157894736842,433.5708923891391,0.00024210526315789473,1868.0739992716426
1783,0.0002894736842105263,788.8362155502942,0.00033684210526315785,1343.1589426976789
1790,0.0002894736842105263,803.0526793676688,0.0005736842105263159,788.8042631347206
1797,0.0005263157894736842,438.9888802892088,0.0007157894736842105,632.2301912897753
1804,0.0001,2298.231449843966,0.0009526315789473685,475.37526183667734
1811,0.00033684210526315785,682.5066711244611,0.0007157894736842105,632.3630149671062
1818,0.0002894736842105263,793.3887964479352,0.0005736842105263159,788.8950963067705
1825,0.0004315789473684211,532.9338404015281,0.0007157894736842105,632.7697278760979
1832,0.0003842105263157895,598.1067865173676,0.00033684210526315785,1344.2403192472507
1839,0.0004315789473684211,537.904130793997,0.0005263157894736842,860.7388525611426
1846,0.0003842105263157895,595.0960769192786,0.0008578947368421052,528.4187322871352
1853,0.00019473684210526317,1183.7251970954949,0.000668421052631579,677.9694128931467
1860,0.00024210526315789473,942.203680716668,0.00047894736842105264,945.4305849340335
1867,0.0003842105263157895,600.3304983555602,0.0006210526315789473,729.4473760240095
1874,0.0003842105263157895,594.8397724197248,0.0009052631578947369,500.8135544442119
1881,0.0004315789473684211,529.0449398608567,0.0005263157894736842,860.8462061556688
1888,0.0002894736842105263,789.1842839230643,0.0008105263157894737,559.3044472934613
1895,0.0002894736842105263,792.272524568215,0.0004315789473684211,1049.5562313293167
1902,0.00033684210526315785,685.0764312881945,0.0006210526315789473,729.5994799323908
1909,0.0005263157894736842,435.4010434338728,0.0008105263157894737,559.3682393129668
1916,0.0002894736842105263,791.3121197532208,0.0008578947368421052,528.4946133993947
1923,0.0002894736842105263,809.0580438060296,0.0002894736842105263,1564.5839963934063
1930,0.0001,2321.447925726682,0.0006210526315789473,729.8147279846855
1937,0.0002894736842105263,800.4974204481133,0.0009526315789473685,476.1468814254816
1944,0.0004315789473684211,532.0082026113491,0.0005736842105263159,790.0843895755931
1951,0.00019473684210526317,1190.494377691565,0.0005263157894736842,860.8937342136428
1958,0.0003842105263157895,596.4534842918671,0.0008105263157894737,559.34443859134
1965,0.0001473684210526316,1551.8862204689387,0.0004315789473684211,1049.7617022831837
1972,0.00024210526315789473,955.1691789682955,0.001,453.651672599019
1979,0.00033684210526315785,689.6167450703313,0.0002894736842105263,1564.5676791613942
1986,0.00047894736842105264,478.73366862745576,0.00047894736842105264,945.8532090752985
1993,0.00024210526315789473,950.5891311144421,0.00047894736842105264,945.6383150923693
2001,0.0004315789473684211,542.744342402315,0.0009526315789473685,475.94893922818085
2008,0.0002894736842105263,808.2517669428095,0.0007157894736842105,633.1688718023656
2015,0.00024210526315789473,959.4284020930321,0.000668421052631579,677.9842536126432
2022,0.00047894736842105264,486.18896174327995,0.0008578947368421052,528.5500636056078
2029,0.00033684210526315785,694.2843193868484,0.0005263157894736842,861.1197116230541
2036,0.00024210526315789473,955.2029472738586,0.0002894736842105263,1565.227861771747
2043,0.0001473684210526316,1569.8198688932912,0.0004315789473684211,1050.063890836591
2050,0.0005263157894736842,441.5716189618932,0.0008105263157894737,559.6880984635108
2057,0.0003842105263157895,610.5860390446974,0.00033684210526315785,1345.5769750864329
2064,0.00024210526315789473,955.2367050713417,0.0004315789473684211,1050.537573130719
2071,0.0002894736842105263,799.5610590775563,0.0008578947368421052,529.1090082059306
2078,0.0002894736842105263,799.7159232336301,0.00047894736842105264,947.0833479367124
2085,0.00024210526315789473,954.510334337554,0.0003842105263157895,1180.1695298057116
2092,0.00033684210526315785,686.551202606072,0.0007157894736842105,633.9947797945877
2099,0.00019473684210526317,1181.102017770108,0.0007631578947368421,594.7556414528486
2106,0.00024210526315789473,952.6819554773706,0.0009052631578947369,501.4038098574148
2113,0.0001473684210526316,1599.744609519608,0.00024210526315789473,1872.2659402301585
2120,0.0003842105263157895,607.9644280995066,0.000668421052631579,678.6975961936174
2127,0.00024210526315789473,952.3733297748159,0.0008105263157894737,559.8825609891006
2134,0.0002894736842105263,803.2234381885612,0.0003842105263157895,1179.7572266036875
2141,0.0002894736842105263,811.9582588935801,0.0005736842105263159,790.4208226797567
2148,0.0002894736842105263,805.696438113084,0.0002894736842105263,1565.292115064706
2155,0.00019473684210526317,1185.2975307400134,0.0008105263157894737,559.5651884534782
2162,0.0001473684210526316,1562.3628287767312,0.00033684210526315785,1345.1426692800162
2169,0.00024210526315789473,956.041531238085,0.0006210526315789473,730.1459371586554
2176,0.0002894736842105263,788.1682212872872,0.00033684210526315785,1345.9566980184354
2183,0.00024210526315789473,959.4278323821422,0.0007157894736842105,633.8139116630143
2190,0.00033684210526315785,683.9988415915418,0.0006210526315789473,730.3355399443602
2197,0.00024210526315789473,947.0704529431646,0.0007157894736842105,633.7569595290901
2204,0.00033684210526315785,689.9148060114662,0.0007631578947368421,594.4132820677639
2211,0.00024210526315789473,957.4186645526408,0.0005736842105263159,790.4425089495156
2218,0.00033684210526315785,682.9637355150462,0.0008105263157894737,559.7966367707427
2225,0.0002894736842105263,792.4966952388882,0.00033684210526315785,1345.8265878944553
2232,0.00024210526315789473,946.483675087268,0.00047894736842105264,946.6618733006303
2239,0.00033684210526315785,685.2329548574772,0.0005263157894736842,861.4001533460467
2246,0.00033684210526315785,678.9656213654608,0.00024210526315789473,1871.7022661052647
2253,0.0002894736842105263,797.2223271269215,0.0006210526315789473,730.402509529401
2260,0.00024210526315789473,956.0887664239531,0.0009526315789473685,476.5900006262116
2267,0.00019473684210526317,1198.3191926983445,0.0006210526315789473,730.5070735405387
2274,0.0001473684210526316,1551.4029265254235,0.0003842105263157895,1180.0739831610847
2281,0.00019473684210526317,1177.3730274244565,0.0002894736842105263,1566.0175297967216
2288,0.00024210526315789473,960.1948843166036,0.00019473684210526317,2326.7009348050824
2295,0.0002894736842105263,799.625004296224,0.0005736842105263159,790.3129020564843
2302,0.00019473684210526317,1175.6613163182014,0.0003842105263157895,1179.2007642031808
2309,0.00033684210526315785,684.0919459839685,0.0007631578947368421,594.5700465028033
2316,0.0002894736842105263,799.8872135149493,0.000668421052631579,678.6614485591494
2323,0.0001473684210526316,1551.0950101593887,0.00047894736842105264,946.7813397695276
2330,0.0004315789473684211,531.1657715807256,0.0008105263157894737,559.9090817706573
2337,0.0002894736842105263,793.2724639309279,0.00047894736842105264,946.8766287705021
2344,0.00024210526315789473,956.4821670572848,0.00033684210526315785,1345.8597004724966
2351,0.00024210526315789473,957.499182273419,0.0004315789473684211,1050.3907120055521
2358,0.0002894736842105263,798.8149473761492,0.0003842105263157895,1180.1039923778096
2365,0.00033684210526315785,678.3009356793715,0.0003842105263157895,1180.003169278873
2372,0.0002894736842105263,801.2399878613837,0.000668421052631579,678.9162120193125
2379,0.00024210526315789473,949.9430636300596,0.00047894736842105264,947.0465398279892
2386,0.00024210526315789473,958.4397829426285,0.0007157894736842105,633.8421321866315
2393,0.00033684210526315785,688.9865501572226,0.0005263157894736842,861.5709708578977
2400,0.0002894736842105263,791.7480128755287,0.0005736842105263159,790.562374301115
2407,0.00019473684210526317,1184.7201916814101,0.000668421052631579,678.5536533492369
2414,0.0002894736842105263,798.1897618132965,0.0006210526315789473,730.2803053503675
2421,0.0002894736842105263,792.2017874666769,0.0005263157894736842,861.6423676368161
2428,0.0001473684210526316,1584.8963420410678,0.0007157894736842105,633.6057814946957
2435,0.0001473684210526316,1565.5186659703083,0.0002894736842105263,1564.9357185206948
2442,0.0001473684210526316,1564.0153121487315,0.000668421052631579,678.3135109124466
2449,0.0002894736842105263,800.4856065396172,0.0002894736842105263,1565.5875539989668
2456,0.0001473684210526316,1574.6723685697082,0.00033684210526315785,1345.6388492734686
2463,0.0001473684210526316,1563.6026192356917,0.00024210526315789473,1871.7784850229216
2470,0.0001473684210526316,1572.6889190012334,0.00047894736842105264,946.6976036887968
2477,0.00024210526315789473,963.363689705646,0.000668421052631579,678.6867978450165
2484,0.00024210526315789473,967.6316456632046,0.00047894736842105264,946.8341277519584
2491,0.00019473684210526317,1184.3666927194909,0.0005263157894736842,861.603602314663
2498,0.00024210526315789473,960.2711873226621,0.0005263157894736842,861.7320988498725
2506,0.0002894736842105263,802.9338604493742,0.000668421052631579,678.6520599676695
2513,0.0001,2338.9364716664104,0.0006210526315789473,730.5069322673519
2520,0.0001473684210526316,1594.6391894267,0.000668421052631579,678.7362564560833
2527,0.00019473684210526317,1187.3756206808239,0.00047894736842105264,946.8684315004537
2534,0.00019473684210526317,1174.3301137558435,0.0005736842105263159,790.6138450910973
2541,0.00019473684210526317,1186.4244764783236,0.000668421052631579,678.8698635448045
2548,0.00019473684210526317,1184.021651216655,0.0005736842105263159,790.9658246282789
2555,0.00024210526315789473,959.1345283090013,0.00047894736842105264,947.332253130579
2562,0.00019473684210526317,1204.0021165972,0.00024210526315789473,1873.1088034718377
2569,0.0001,2315.0175651515765,0.00033684210526315785,1346.7185257652436
2576,0.0002894736842105263,796.9628159639806,0.0007631578947368421,595.0343922083412
2583,0.00019473684210526317,1205.5715028748693,0.00019473684210526317,2328.3919253209256
2590,0.0002894736842105263,809.2712526332513,0.00047894736842105264,947.5371777484914
2597,0.0001473684210526316,1571.969456450685,0.0005263157894736842,862.1328039524208
2604,0.00019473684210526317,1196.5146965683155,0.00047894736842105264,947.4359495573682
2611,0.00024210526315789473,957.2241267312074,0.00047894736842105264,947.3580094654793
2618,0.00019473684210526317,1191.1056545801248,0.0005263157894736842,862.1808554819706
2625,0.00019473684210526317,1205.4452727852463,0.0005263157894736842,862.0375881058293
2632,0.00024210526315789473,960.619706242745,0.0007157894736842105,634.2512412633859
2639,0.00033684210526315785,687.8548124672478,0.0007157894736842105,634.3818732610781
2646,0.00024210526315789473,974.5340439894466,0.0003842105263157895,1180.7367324929446
2653,0.0002894736842105263,806.9027207698949,0.00047894736842105264,947.2370734374666
2660,0.0002894736842105263,808.369724248297,0.00024210526315789473,1873.0764045620947
2667,0.00033684210526315785,694.0927689809548,0.00033684210526315785,1346.6091703534669
2674,0.00019473684210526317,1212.9498661538287,0.0007157894736842105,634.5427236054253
2681,0.0001473684210526316,1580.478073641095,0.0004315789473684211,1051.8963743420413
2688,0.00024210526315789473,968.9389736346795,0.0003842105263157895,1181.2236610673235
2695,0.00019473684210526317,1212.5616492211514,0.0004315789473684211,1051.689223698127
2702,0.00024210526315789473,963.2381691852621,0.00033684210526315785,1347.152103312017
2709,0.00019473684210526317,1191.3146779565607,0.0002894736842105263,1567.3339539965268
2716,0.0001473684210526316,1582.972633883349,0.00047894736842105264,947.4909128417734
2723,0.00019473684210526317,1197.728899834898,0.0005263157894736842,862.5366401391042
2730,0.0002894736842105263,803.6859050183183,0.0006210526315789473,731.0562887708573
2737,0.00024210526315789473,970.7828329731979,0.0007631578947368421,595.164704030991
2744,0.00019473684210526317,1197.538590856982,0.000668421052631579,679.3271373772077
2751,0.00019473684210526317,1196.2905573787393,0.0004315789473684211,1051.5444317698725
2758,0.00024210526315789473,976.1916637318383,0.0001473684210526316,3076.658490118524
2765,0.00019473684210526317,1205.6369540054745,0.0004315789473684211,1051.2051653838873
2772,0.0001473684210526316,1589.1804616889774,0.0005263157894736842,862.0914545346815
2779,0.00024210526315789473,960.5133964819032,0.0005263157894736842,862.0765758960856
2786,0.00024210526315789473,971.9581095767011,0.0006210526315789473,730.6323264424708
2793,0.00033684210526315785,700.5569642609998,0.0005736842105263159,790.8383063954378
2800,0.00033684210526315785,701.5184070254716,0.00047894736842105264,947.0706467624858
2807,0.00033684210526315785,698.1611040420471,0.0003842105263157895,1180.402332948977
2814,0.00019473684210526317,1211.87929018507,0.0006210526315789473,730.4625564044941
2821,0.0001473684210526316,1590.6903382947723,0.0003842105263157895,1180.2596653994137
2828,0.00024210526315789473,973.8429672681021,0.0006210526315789473,730.4986963882834
2835,0.00024210526315789473,963.2658022171969,0.0005263157894736842,861.7862629194179
2842,0.00019473684210526317,1202.913885941796,0.0003842105263157895,1180.2136183068512
2849,0.00024210526315789473,963.5850196666152,0.0006210526315789473,730.4889849860866
2856,0.00024210526315789473,958.6873798399338,0.00019473684210526317,2327.5706357986032
2863,0.00024210526315789473,960.8279473577567,0.00047894736842105264,947.2644853760562
2870,0.00033684210526315785,689.9527354002781,0.0003842105263157895,1180.7317604188709
2877,0.0002894736842105263,801.46299846623,0.0004315789473684211,1051.2417482291555
2884,0.0001,2312.841891038341,0.0003842105263157895,1180.9536389088337
2891,0.0001473684210526316,1587.7464930403792,0.0002894736842105263,1566.987067431197
2898,0.0002894736842105263,797.3407937983081,0.0005263157894736842,862.2887357120612
2905,0.0001473684210526316,1571.2756624011504,0.0006210526315789473,731.0092992345992
2912,0.0002894736842105263,793.6537718895171,0.00033684210526315785,1346.8534761990136
2919,0.0002894736842105263,801.0313405180925,0.000668421052631579,679.2566434118847
2926,0.00019473684210526317,1197.3969448166883,0.0005263157894736842,862.3240694289063
2933,0.0001,2320.0768550907374,0.0005263157894736842,862.4006060378208
2940,0.0001,2312.5688237644663,0.0004315789473684211,1051.458684082577
2947,0.0001,2333.280186162142,0.0004315789473684211,1051.3653611934449
2954,0.0001473684210526316,1571.5091734068342,0.0005736842105263159,790.9920107995086
2961,0.0001473684210526316,1571.5110705547115,0.00033684210526315785,1346.408824848888
2968,0.00019473684210526317,1179.2504606241516,0.0004315789473684211,1051.1055644831345
2975,0.0001,2292.6887804795147,0.000668421052631579,679.1323184287753
2982,0.00019473684210526317,1188.998186611165,0.0005263157894736842,862.0398636278122
2989,0.00024210526315789473,947.0116499600109,0.00033684210526315785,1346.396611348463
2996,0.00024210526315789473,960.2822577690483,0.0005736842105263159,791.0921840158104
3004,0.00024210526315789473,957.856871015306,0.00047894736842105264,947.2479385822536
3011,0.0001473684210526316,1569.0963341507588,0.0005736842105263159,790.875712248869
3018,0.0002894736842105263,794.3591237020876,0.0005263157894736842,861.7381728058012
3025,0.00024210526315789473,952.5342085598187,0.00047894736842105264,946.9472748532863
3032,0.00024210526315789473,950.4711148949468,0.00033684210526315785,1345.9132254774877
3039,0.0001473684210526316,1562.2573709293117,0.000668421052631579,678.6725496626899
3046,0.00019473684210526317,1183.855778967101,0.00047894736842105264,946.7664744439869
3053,0.0002894736842105263,799.3054197163061,0.00024210526315789473,1871.9837792995982
3060,0.0001473684210526316,1569.1640331285687,0.00047894736842105264,946.798011745497
3067,0.0001,2306.4606302882003,0.00047894736842105264,947.0393114324229
3074,0.00024210526315789473,965.7350868644338,0.00047894736842105264,946.9390683933525
3081,0.00019473684210526317,1194.7115297852893,0.0005263157894736842,861.7599177715684
3088,0.0001473684210526316,1560.2310896041242,0.0003842105263157895,1180.0306839008956
3095,0.00019473684210526317,1187.2926997144364,0.0002894736842105263,1565.9224654101552
3102,0.00019473684210526317,1183.2706803399276,0.0001,4530.637427407627
3109,0.00019473684210526317,1182.6824137557287,0.0001,4530.169791883228
3116,0.00019473684210526317,1178.8630162479255,0.0003842105263157895,1179.7945590063714
3123,0.0001473684210526316,1586.5129133373944,0.0004315789473684211,1050.2880115083183
3130,0.0001473684210526316,1567.5134182428285,0.00033684210526315785,1345.4403461918919
3137,0.00024210526315789473,944.5860701642085,0.0005263157894736842,861.3149878694483
3144,0.0001473684210526316,1557.5291714751165,0.0006210526315789473,730.0097831026842
3151,0.0001473684210526316,1556.4079906870952,0.0005736842105263159,790.0406467087504
3158,0.00019473684210526317,1185.7010804752724,0.0004315789473684211,1049.834901201927
3165,0.00024210526315789473,955.0635310087501,0.0003842105263157895,1179.0311576808915
3172,0.0001473684210526316,1574.664709909415,0.00047894736842105264,945.9431864848319
3179,0.0001473684210526316,1550.6224870212704,0.00047894736842105264,945.838151455675
3186,0.0001473684210526316,1546.330061876885,0.0002894736842105263,1564.390773884923
3193,0.0001473684210526316,1569.4232805107945,0.00024210526315789473,1870.1081191707701
3200,0.00019473684210526317,1175.1900518558941,0.00033684210526315785,1344.421140958013
3207,0.00024210526315789473,947.6630290215218,0.00033684210526315785,1344.3488684996362
3214,0.00024210526315789473,941.8429293602775,0.0005263157894736842,860.6852317025545
3221,0.00024210526315789473,948.9782347843632,0.00033684210526315785,1344.1186278531375
3228,0.00019473684210526317,1175.3866100531332,0.00024210526315789473,1869.2281356096873
3235,0.0001473684210526316,1551.0545020168922,0.00047894736842105264,945.5566301235331
3242,0.00024210526315789473,949.740655544089,0.00033684210526315785,1344.024541237347
3249,0.00024210526315789473,934.673876259784,0.00047894736842105264,945.4832644540378
3256,0.00019473684210526317,1172.6928415447326,0.00047894736842105264,945.6282130319835
3263,0.00019473684210526317,1174.9355395286989,0.0001473684210526316,3070.8536580952396
3270,0.0002894736842105263,791.9769726314,0.0002894736842105263,1563.7688972955075
3277,0.00024210526315789473,951.3294763939215,0.0002894736842105263,1563.7368306911135
3284,0.00024210526315789473,926.1234633562979,0.00047894736842105264,945.4940229819814
3291,0.0001473684210526316,1560.077208551499,0.0006210526315789473,729.4982824918412
3298,0.0001473684210526316,1545.0892311055118,0.00047894736842105264,945.8267970490353
3305,0.0001473684210526316,1556.3608686323932,0.00033684210526315785,1344.376409373618
3312,0.00024210526315789473,948.3438283425328,0.0003842105263157895,1178.7074347513947
3319,0.0001473684210526316,1531.52534840949,0.0003842105263157895,1178.6933544021383
3326,0.0001473684210526316,1547.7440626293617,0.00047894736842105264,945.7061599516288
3333,0.0001473684210526316,1540.6174945379012,0.0003842105263157895,1178.6681455577395
3340,0.00019473684210526317,1177.540773061421,0.00024210526315789473,1870.1165539651208
3347,0.0001,2275.4306163873766,0.0001473684210526316,3071.530446535569
3354,0.00019473684210526317,1181.1149364357577,0.0002894736842105263,1564.2015867173213
3361,0.00024210526315789473,953.9961355536835,0.0003842105263157895,1178.9806083790668
3368,0.00033684210526315785,673.4849374831786,0.0006210526315789473,729.8035122484251
3375,0.00024210526315789473,936.1994745921529,0.0002894736842105263,1564.6630265165488
3382,0.0001473684210526316,1550.0134946924152,0.00047894736842105264,946.1094202901838
3389,0.00019473684210526317,1173.2579268043582,0.00024210526315789473,1870.8860631328098
3396,0.0001,2268.2293559381214,0.0001,4527.264685186007
3403,0.00019473684210526317,1168.7245666978672,0.00033684210526315785,1344.6928435584864
3410,0.0001,2298.1280332168685,0.0002894736842105263,1564.5775289330059
3417,0.0001473684210526316,1555.8474584672495,0.0005263157894736842,860.9876732287115
3424,0.00024210526315789473,937.3734272209604,0.0003842105263157895,1178.97195471248
3431,0.0001,2269.860438450945,0.0002894736842105263,1564.4847945331076
3438,0.00019473684210526317,1155.5511735001305,0.0004315789473684211,1049.7516498203818
3445,0.0001473684210526316,1546.4156599791613,0.0005263157894736842,860.95496903311
3452,0.00024210526315789473,931.7430742310613,0.00019473684210526317,2324.996202270391
3459,0.0001,2282.2848379737834,0.0004315789473684211,1049.5175466463056
3466,0.0001473684210526316,1529.1674795962656,0.00033684210526315785,1344.2707797343305
3473,0.0001473684210526316,1562.1916099015157,0.0002894736842105263,1564.4161201071786
3480,0.0001,2260.5873477469904,0.0005263157894736842,861.022181717377
3487,0.00019473684210526317,1174.0579266976174,0.0003842105263157895,1179.0537276553277
3494,0.00024210526315789473,938.5151169202709,0.0006210526315789473,729.8422970147138
3502,0.0002894736842105263,791.9519552201721,0.00024210526315789473,1870.6051164683804
3509,0.00019473684210526317,1165.1709421473756,0.0002894736842105263,1564.7511310675477
3516,0.00019473684210526317,1160.506540966257,0.0001,4526.97349996994
3523,0.00019473684210526317,1182.5523209947946,0.00024210526315789473,1870.5547469950855
3530,0.0001473684210526316,1572.8661924733062,0.00019473684210526317,2325.6927967387746
3537,0.00024210526315789473,952.6006702540602,0.00033684210526315785,1344.8640728773764
3544,0.0001,2294.2109215267187,0.0002894736842105263,1564.7381962245831
3551,0.0001473684210526316,1560.0908981829962,0.0004315789473684211,1049.9079228719795
3558,0.00019473684210526317,1185.6560216473495,0.0004315789473684211,1050.0553543693384
3565,0.0001473684210526316,1569.2581629353524,0.0003842105263157895,1179.4949602771
3572,0.0001473684210526316,1581.9844230224812,0.0002894736842105263,1565.0120567859851
3579,0.00019473684210526317,1176.615130283638,0.00033684210526315785,1345.0412918697366
3586,0.00019473684210526317,1178.7524562431097,0.0005736842105263159,790.0577143590305
3593,0.00019473684210526317,1164.28064753752,0.00033684210526315785,1344.8171658575957
3600,0.00019473684210526317,1175.7173387304006,0.0003842105263157895,1179.0979570060902
3607,0.0001473684210526316,1553.4720758975109,0.0004315789473684211,1049.7450172781857
3614,0.00019473684210526317,1170.8650431211709,0.0002894736842105263,1564.4347737730527
3621,0.00019473684210526317,1171.9544813455204,0.0003842105263157895,1178.9415256484576
3628,0.0001473684210526316,1544.8399193481082,0.0004315789473684211,1049.6965653908442
3635,0.0001473684210526316,1544.61867779022,0.00033684210526315785,1344.7778386523626
3642,0.00024210526315789473,943.6930288581175,0.00033684210526315785,1344.657301072851
3649,0.00019473684210526317,1177.4512032593002,0.00024210526315789473,1870.2673681303577
3656,0.0001473684210526316,1552.9084450613357,0.00019473684210526317,2324.5329804459875
3663,0.0001473684210526316,1545.354640327013,0.00047894736842105264,945.6257793070334
3670,0.00024210526315789473,939.3758098740713,0.0004315789473684211,1049.3660493226475
3677,0.00019473684210526317,1169.7370894906621,0.00033684210526315785,1344.1451936779022
3684,0.0001473684210526316,1543.5328340174178,0.00033684210526315785,1344.2666392919061
3691,0.0001,2285.8188623469205,0.00019473684210526317,2324.5005473194688
3698,0.00019473684210526317,1166.8717737639602,0.0003842105263157895,1178.7510446200959
3705,0.00019473684210526317,1171.997004949946,0.0002894736842105263,1564.2214839019719
3712,0.00024210526315789473,933.0644952748335,0.00019473684210526317,2324.5360769817958
3719,0.00019473684210526317,1173.8292664992266,0.00047894736842105264,945.5405983784904
3726,0.0001473684210526316,1563.4371437573666,0.0004315789473684211,1049.3525200379668
3733,0.0001473684210526316,1539.5007881202116,0.00024210526315789473,1869.5947444527255
3740,0.0001473684210526316,1534.4084360565964,0.00033684210526315785,1344.050763619217
3747,0.0001473684210526316,1556.743118376995,0.0001473684210526316,3070.491351929948
3754,0.0001473684210526316,1538.1095793306984,0.00033684210526315785,1343.9307293311902
3761,0.0002894736842105263,789.1538760228632,0.0004315789473684211,1049.1094680877097
3768,0.00024210526315789473,943.8670623073386,0.00033684210526315785,1343.8622061146623
3775,0.00024210526315789473,944.1548072040991,0.0005263157894736842,860.3463881177674
3782,0.0001473684210526316,1550.49187583742,0.0002894736842105263,1563.3403306431053
3789,0.00024210526315789473,952.7197419668715,0.00019473684210526317,2323.362797101564
3796,0.0001,2279.504618974569,0.0003842105263157895,1178.0353848021182
3803,0.0001473684210526316,1552.6488885704377,0.0003842105263157895,1177.9863290624805
3810,0.00019473684210526317,1173.1580456884697,0.00019473684210526317,2322.976975022965
3817,0.0001,2295.505136172786,0.0003842105263157895,1178.1591907052527
3824,0.00019473684210526317,1172.8093214859036,0.0001473684210526316,3069.8907159563582
3831,0.0001473684210526316,1557.6151631684024,0.0004315789473684211,1048.998834697033
3838,0.0001,2293.574911115486,0.00033684210526315785,1343.9706408132313
3845,0.0001473684210526316,1550.1428512161044,0.0004315789473684211,1049.1321094006898
3852,0.0001,2286.2579469075104,0.00047894736842105264,945.4539189798055
3859,0.00019473684210526317,1187.9367018173718,0.00024210526315789473,1869.497352416014
3866,0.0001,2308.39013579164,0.0003842105263157895,1178.438155869198
3873,0.0001473684210526316,1552.6363114033543,0.00033684210526315785,1344.17131970709
3880,0.00019473684210526317,1179.4670211133841,0.00024210526315789473,1869.8847451748866
3887,0.00024210526315789473,943.8923163862889,0.00019473684210526317,2324.324411460992
3894,0.00019473684210526317,1181.08849055928,0.00024210526315789473,1869.8199966312407
3901,0.0001,2284.9246399106732,0.00047894736842105264,945.6541968884262
3908,0.0001473684210526316,1565.7693151782742,0.0002894736842105263,1563.9069658154747
3915,0.0001,2265.537081350911,0.0003842105263157895,1178.8175573334108
3922,0.0001473684210526316,1565.6813720104142,0.00033684210526315785,1344.5795349688754
3929,0.00024210526315789473,941.6874005605578,0.0001473684210526316,3072.1345010605996
3936,0.0001,2274.782720211994,0.00024210526315789473,1870.7592320732138
3943,0.00024210526315789473,933.1973436608082,0.00024210526315789473,1870.764248111058
3950,0.0001473684210526316,1547.1249366705788,0.00019473684210526317,2325.2775844977805
3957,0.0001473684210526316,1563.3039090290558,0.0005263157894736842,861.0064520804622
3964,0.00019473684210526317,1181.5466263848248,0.0004315789473684211,1049.6976476874395
3971,0.0001473684210526316,1546.3398023224988,0.00033684210526315785,1344.7246081844914
3978,0.00019473684210526317,1180.7027957321343,0.0003842105263157895,1178.9807102448801
3985,0.00019473684210526317,1166.361457406312,0.0002894736842105263,1564.79867029551
3992,0.0001,2283.86433970316,0.0003842105263157895,1179.2745680589708
4000,0.0001473684210526316,1547.1158782946686,0.00024210526315789473,1870.8586610075968
