Lambda,Sparsity,Condition Number,Rank
0.005,0.011368477470397043,44.93178033768374,2913
0.005995995995995996,0.011368477470397043,37.634330494799535,2913
0.0069919919919919915,0.011368477470397043,32.415880239522274,2913
0.007987987987987989,0.011368477470397043,28.49876397346881,2913
0.008983983983983984,0.011368477470397043,25.450172959122167,2913
0.009979979979979979,0.011368477470397043,23.010073722637298,2913
0.010975975975975976,0.011368477470397043,21.012817477148005,2913
0.011971971971971971,0.011368477470397043,19.34787911252609,2913
0.012967967967967967,0.011368477470397043,17.938688600977503,2913
0.013963963963963964,0.011368477470397043,16.730521615247596,2913
0.01495995995995996,0.011368477470397043,15.68322739983685,2913
0.015955955955955954,0.011368477470397043,14.766680259576221,2913
0.01695195195195195,0.011368477470397043,13.957834504122225,2913
0.017947947947947948,0.011368477470397043,13.238759979626384,2913
0.01894394394394394,0.011368477470397043,12.59529730144713,2913
0.01993993993993994,0.011368477470397043,12.016116110897455,2913
0.020935935935935936,0.011368477470397043,11.492042143496121,2913
0.021931931931931933,0.011368477470397043,11.015567656076357,2913
0.022927927927927926,0.011368477470397043,10.580489456742088,2913
0.023923923923923923,0.011368477470397043,10.181637351403323,2913
0.02491991991991992,0.011368477470397043,9.814667710642713,2913
0.025915915915915914,0.011368477470397043,9.475904638096805,2913
0.02691191191191191,0.011368477470397043,9.16221640842437,2913
0.027907907907907908,0.011368477470397043,8.87091836380722,2913
0.0289039039039039,0.011368477470397043,8.599695886877123,2913
0.0298998998998999,0.011368477470397043,8.346542768714201,2913
0.030895895895895895,0.011368477470397043,8.109711497869245,2913
0.03189189189189189,0.011368477470397043,7.887672864327274,2913
0.032887887887887886,0.011368477470397043,7.67908290372192,2913
0.03388388388388388,0.011368477470397043,7.482755671467744,2913
0.03487987987987988,0.011368477470397043,7.297640681497964,2913
0.03587587587587587,0.011368477470397043,7.122804103108568,2913
0.03687187187187187,0.011368477470397043,6.957413005302732,2913
0.03786786786786786,0.011368477470397043,6.800722087551571,2913
0.03886386386386386,0.011368477470397043,6.652062450921782,2913
0.039859859859859854,0.011368477470397043,6.510832052685987,2913
0.04085585585585585,0.011368477470397043,6.376487557132895,2913
0.04185185185185185,0.011368477470397043,6.248537349989106,2913
0.04284784784784784,0.011368477470397043,6.126535527116049,2913
0.043843843843843835,0.011368477470397043,6.010076702554803,2913
0.044839839839839836,0.011368477470397043,5.898791508521634,2913
0.04583583583583583,0.011368477470397043,5.792342682103593,2913
0.04683183183183182,0.011368477470397043,5.690421651310741,2913
0.047827827827827823,0.011368477470397043,5.592745547692733,2913
0.04882382382382382,0.011368477470397043,5.499054584607071,2913
0.04981981981981981,0.011368477470397043,5.409109749968363,2913
0.05081581581581581,0.011368477470397043,5.322690770331613,2913
0.051811811811811805,0.011368477470397043,5.239594309798025,2913
0.0528078078078078,0.011368477470397043,5.159632372740667,2913
0.0538038038038038,0.011368477470397043,5.082630883938902,2913
0.05479979979979979,0.011368477470397043,5.008428423550476,2913
0.05579579579579579,0.011368477470397043,4.936875097573563,2913
0.056791791791791786,0.011368477470397043,4.867831527165512,2913
0.05778778778778778,0.011368477470397043,4.8011679424784806,2913
0.05878378378378378,0.011368477470397043,4.736763368615963,2913
0.059779779779779774,0.011368477470397043,4.67450489296626,2913
0.06077577577577577,0.011368477470397043,4.614287004577758,2913
0.06177177177177177,0.011368477470397043,4.556010997444847,2913
0.06276776776776777,0.011368477470397043,4.499584430605556,2913
0.06376376376376376,0.011368477470397043,4.444920638839111,2913
0.06475975975975976,0.011368477470397043,4.3919382885158855,2913
0.06575575575575575,0.011368477470397043,4.340560973812267,2913
0.06675175175175174,0.011368477470397043,4.290716849074555,2913
0.06774774774774775,0.011368477470397043,4.242338293611699,2913
0.06874374374374374,0.011368477470397043,4.195361605627975,2913
0.06973973973973974,0.011368477470397043,4.149726722382479,2913
0.07073573573573573,0.011368477470397043,4.105376963990396,2913
0.07173173173173174,0.011368477470397043,4.062258798568158,2913
0.07272772772772773,0.011368477470397043,4.020321626676455,2913
0.07372372372372372,0.011368477470397043,3.9795175832360536,2913
0.07471971971971972,0.011368477470397043,3.9398013552861038,2913
0.07571571571571571,0.011368477470397043,3.90113001412613,2913
0.0767117117117117,0.011368477470397043,3.8634628605344288,2913
0.07770770770770771,0.011368477470397043,3.826761281889706,2913
0.0787037037037037,0.011368477470397043,3.790988620141434,2913
0.0796996996996997,0.011368477470397043,3.7561100496799376,2913
0.0806956956956957,0.011368477470397043,3.722092464250917,2913
0.08169169169169169,0.011368477470397043,3.688904372142464,2913
0.08268768768768768,0.011368477470397043,3.656515798947065,2913
0.08368368368368369,0.011368477470397043,3.624898197267567,2913
0.08467967967967968,0.011368477470397043,3.594024362795254,2913
0.08567567567567567,0.011368477470397043,3.563868356241629,2913
0.08667167167167167,0.011368477470397043,3.534405430652925,2913
0.08766766766766766,0.011368477470397043,3.5056119636793484,2913
0.08866366366366366,0.011368477470397043,3.4774653944093594,2913
0.08965965965965966,0.011368477470397043,3.4499441644141,2913
0.09065565565565566,0.011368477470397043,3.4230276626781273,2913
0.09165165165165165,0.011368477470397043,3.3966961741208155,2913
0.09264764764764764,0.011368477470397043,3.370930831438266,2913
0.09364364364364364,0.011368477470397043,3.345713570018469,2913
0.09463963963963963,0.011368477470397043,3.3210270857033164,2913
0.09563563563563564,0.011368477470397043,3.296854795189948,2913
0.09663163163163163,0.011368477470397043,3.2731807988809782,2913
0.09762762762762763,0.011368477470397043,3.2499898460087366,2913
0.09862362362362362,0.011368477470397043,3.2272673018727636,2913
0.09961961961961961,0.011368477470397043,3.204999117042663,2913
0.1006156156156156,0.011368477470397043,3.1831717983900947,2913
0.10161161161161161,0.011368477470397043,3.1617723818244827,2913
0.1026076076076076,0.011368477470397043,3.1407884066165743,2913
0.1036036036036036,0.011368477470397043,3.1202078912030733,2913
0.1045995995995996,0.011368477470397043,3.100019310373594,2913
0.10559559559559559,0.011368477470397043,3.080211573748667,2913
0.1065915915915916,0.011368477470397043,3.060774005464368,2913
0.10758758758758759,0.011368477470397043,3.0416963249853617,2913
0.10858358358358358,0.011368477470397043,3.022968628973921,2913
0.10957957957957958,0.011368477470397043,3.004581374147715,2913
0.11057557557557557,0.011368477470397043,2.986525361064047,2913
0.11157157157157156,0.011368477470397043,2.968791718772624,2913
0.11256756756756757,0.011368477470397043,2.9513718902831076,2913
0.11356356356356356,0.011368477470397043,2.934257618797348,2913
0.11455955955955956,0.011368477470397043,2.91744093465985,2913
0.11555555555555555,0.011368477470397043,2.9009141429830922,2913
0.11655155155155154,0.011368477470397043,2.8846698119073126,2913
0.11754754754754754,0.011368477470397043,2.868700761457178,2913
0.11854354354354354,0.011368477470397043,2.8530000529601915,2913
0.11953953953953954,0.011368477470397043,2.8375609789941065,2913
0.12053553553553553,0.011368477470397043,2.8223770538327044,2913
0.12153153153153153,0.011368477470397043,2.8074420043614063,2913
0.12252752752752752,0.011368477470397043,2.7927497614359447,2913
0.12352352352352351,0.011368477470397043,2.7782944516590713,2913
0.12451951951951952,0.011368477470397043,2.7640703895519536,2913
0.1255155155155155,0.011368477470397043,2.750072070098285,2913
0.1265115115115115,0.011368477470397043,2.7362941616405867,2913
0.1275075075075075,0.011368477470397043,2.722731499109444,2913
0.12850350350350348,0.011368477470397043,2.7093790775676125,2913
0.1294994994994995,0.011368477470397043,2.6962320460520446,2913
0.1304954954954955,0.011368477470397043,2.68328570169792,2913
0.13149149149149147,0.011368477470397043,2.670535484129713,2913
0.13248748748748748,0.011368477470397043,2.657976970105272,2913
0.1334834834834835,0.011368477470397043,2.6456058683996564,2913
0.13447947947947947,0.011368477470397043,2.6334180149163684,2913
0.13547547547547548,0.011368477470397043,2.6214093680141777,2913
0.13647147147147146,0.011368477470397043,2.609576004038616,2913
0.13746746746746746,0.011368477470397043,2.5979141130477337,2913
0.13846346346346347,0.011368477470397043,2.5864199947222946,2913
0.13945945945945945,0.011368477470397043,2.5750900544512514,2913
0.14045545545545546,0.011368477470397043,2.5639207995837676,2913
0.14145145145145144,0.011368477470397043,2.5529088358395713,2913
0.14244744744744745,0.011368477470397043,2.542050863869917,2913
0.14344344344344342,0.011368477470397043,2.531343675961807,2913
0.14443943943943943,0.011368477470397043,2.520784152878575,2913
0.14543543543543544,0.011368477470397043,2.510369260830311,2913
0.14643143143143142,0.011368477470397043,2.5000960485678765,2913
0.14742742742742743,0.011368477470397043,2.489961644594777,2913
0.1484234234234234,0.011368477470397043,2.479963254491239,2913
0.1494194194194194,0.011368477470397043,2.470098158345341,2913
0.15041541541541542,0.011368477470397043,2.4603637082861884,2913
0.1514114114114114,0.011368477470397043,2.4507573261144673,2913
0.1524074074074074,0.011368477470397043,2.441276501025883,2913
0.1534034034034034,0.011368477470397043,2.431918787423308,2913
0.1543993993993994,0.011368477470397043,2.4226818028135897,2913
0.15539539539539537,0.011368477470397043,2.4135632257852513,2913
0.15639139139139138,0.011368477470397043,2.40456079406347,2913
0.1573873873873874,0.011368477470397043,2.3956723026388933,2913
0.15838338338338337,0.011368477470397043,2.3868956019670744,2913
0.15937937937937938,0.011368477470397043,2.37822859623541,2913
0.16037537537537536,0.011368477470397043,2.3696692416946523,2913
0.16137137137137136,0.011368477470397043,2.361215545052224,2913
0.16236736736736737,0.011368477470397043,2.3528655619246592,2913
0.16336336336336335,0.011368477470397043,2.344617395346639,2913
0.16435935935935936,0.011368477470397043,2.3364691943342826,2913
0.16535535535535534,0.011368477470397043,2.328419152500302,2913
0.16635135135135135,0.011368477470397043,2.3204655067189544,2913
0.16734734734734735,0.011368477470397043,2.312606535838649,2913
0.16834334334334333,0.011368477470397043,2.304840559440249,2913
0.16933933933933934,0.011368477470397043,2.2971659366392,2913
0.17033533533533532,0.011368477470397043,2.2895810649297004,2913
0.17133133133133133,0.011368477470397043,2.2820843790691483,2913
0.1723273273273273,0.011368477470397043,2.2746743500013067,2913
0.17332332332332331,0.011368477470397043,2.2673494838165937,2913
0.17431931931931932,0.011368477470397043,2.260108320747992,2913
0.1753153153153153,0.011368477470397043,2.2529494342012133,2913
0.1763113113113113,0.011368477470397043,2.2458714298177114,2913
0.1773073073073073,0.011368477470397043,2.238872944569302,2913
0.1783033033033033,0.011368477470397043,2.2319526458830916,2913
0.1792992992992993,0.011368477470397043,2.225109230795613,2913
0.18029529529529528,0.011368477470397043,2.2183414251349527,2913
0.1812912912912913,0.011368477470397043,2.2116479827298874,2913
0.18228728728728727,0.011368477470397043,2.2050276846448997,2913
0.18328328328328328,0.011368477470397043,2.198479338440175,2913
0.18427927927927926,0.011368477470397043,2.1920017774555687,2913
0.18527527527527526,0.011368477470397043,2.1855938601176845,2913
0.18627127127127127,0.011368477470397043,2.1792544692691753,2913
0.18726726726726725,0.011368477470397043,2.172982511519455,2913
0.18826326326326326,0.011368477470397043,2.1667769166160062,2913
0.18925925925925924,0.011368477470397043,2.160636636835558,2913
0.19025525525525525,0.011368477470397043,2.154560646394372,2913
0.19125125125125125,0.011368477470397043,2.1485479408769566,2913
0.19224724724724723,0.011368477470397043,2.142597536682557,2913
0.19324324324324324,0.011368477470397043,2.136708470488732,2913
0.19423923923923922,0.011368477470397043,2.13087979873146,2913
0.19523523523523523,0.011368477470397043,2.1251105971011515,2913
0.1962312312312312,0.011368477470397043,2.1193999600539977,2913
0.19722722722722721,0.011368477470397043,2.1137470003381513,2913
0.19822322322322322,0.011368477470397043,2.108150848534159,2913
0.1992192192192192,0.011368477470397043,2.102610652609206,2913
0.2002152152152152,0.011368477470397043,2.09712557748466,2913
0.2012112112112112,0.011368477470397043,2.09169480461644,2913
0.2022072072072072,0.011368477470397043,2.0863175315878184,2913
0.2032032032032032,0.011368477470397043,2.0809929717141755,2913
0.20419919919919918,0.011368477470397043,2.075720353659318,2913
0.2051951951951952,0.011368477470397043,2.0704989210629994,2913
0.20619119119119117,0.011368477470397043,2.065327932179198,2913
0.20718718718718718,0.011368477470397043,2.060206659524865,2913
0.20818318318318318,0.011368477470397043,2.0551343895387206,2913
0.20917917917917916,0.011368477470397043,2.0501104222498325,2913
0.21017517517517517,0.011368477470397043,2.0451340709555876,2913
0.21117117117117115,0.011368477470397043,2.040204661908797,2913
0.21216716716716716,0.011368477470397043,2.0353215340135975,2913
0.21316316316316314,0.011368477470397043,2.030484038529903,2913
0.21415915915915915,0.011368477470397043,2.0256915387860728,2913
0.21515515515515515,0.011368477470397043,2.0209434098995858,2913
0.21615115115115113,0.011368477470397043,2.0162390385054167,2913
0.21714714714714714,0.011368477470397043,2.011577822491914,2913
0.21814314314314312,0.011368477470397043,2.0069591707438788,2913
0.21913913913913913,0.011368477470397043,2.0023825028926785,2913
0.22013513513513513,0.011368477470397043,1.9978472490731338,2913
0.22113113113113111,0.011368477470397043,1.9933528496869743,2913
0.22212712712712712,0.011368477470397043,1.9888987551726574,2913
0.2231231231231231,0.011368477470397043,1.9844844257813596,2913
0.2241191191191191,0.011368477470397043,1.9801093313589306,2913
0.2251151151151151,0.011368477470397043,1.9757729511336424,2913
0.2261111111111111,0.011368477470397043,1.9714747735095504,2913
0.2271071071071071,0.011368477470397043,1.9672142958652743,2913
0.22810310310310308,0.011368477470397043,1.9629910243580884,2913
0.2290990990990991,0.011368477470397043,1.9588044737330705,2913
0.23009509509509507,0.011368477470397043,1.9546541671372566,2913
0.23109109109109108,0.011368477470397043,1.9505396359385643,2913
0.23208708708708709,0.011368477470397043,1.9464604195494102,2913
0.23308308308308306,0.011368477470397043,1.942416065254813,2913
0.23407907907907907,0.011368477470397043,1.9384061280449307,2913
0.23507507507507505,0.011368477470397043,1.9344301704518063,2913
0.23607107107107106,0.011368477470397043,1.9304877623902845,2913
0.23706706706706707,0.011368477470397043,1.9265784810029216,2913
0.23806306306306305,0.011368477470397043,1.9227019105087861,2913
0.23905905905905905,0.011368477470397043,1.9188576420560486,2913
0.24005505505505503,0.011368477470397043,1.9150452735782337,2913
0.24105105105105104,0.011368477470397043,1.9112644096540377,2913
0.24204704704704702,0.011368477470397043,1.9075146613706149,2913
0.24304304304304303,0.011368477470397043,1.9037956461902092,2913
0.24403903903903904,0.011368477470397043,1.900106987820068,2913
0.24503503503503501,0.011368477470397043,1.896448316085514,2913
0.24603103103103102,0.011368477470397043,1.8928192668061181,2913
0.247027027027027,0.011368477470397043,1.889219481674845,2913
0.248023023023023,0.011368477470397043,1.8856486081401387,2913
0.24901901901901902,0.011368477470397043,1.8821062992908062,2913
0.250015015015015,0.011368477470397043,1.878592213743679,2913
0.251011011011011,0.011368477470397043,1.8751060155339347,2913
0.25200700700700696,0.011368477470397043,1.871647374008025,2913
0.253003003003003,0.011368477470397043,1.86821596371913,2913
0.25399899899899897,0.011368477470397043,1.8648114643250762,2913
0.25499499499499495,0.011368477470397043,1.8614335604886403,2913
0.255990990990991,0.011368477470397043,1.8580819417801877,2913
0.25698698698698696,0.011368477470397043,1.854756302582572,2913
0.25798298298298294,0.011368477470397043,1.8514563419982324,2913
0.258978978978979,0.011368477470397043,1.848181763758443,2913
0.25997497497497496,0.011368477470397043,1.8449322761346485,2913
0.26097097097097094,0.011368477470397043,1.8417075918518164,2913
0.261966966966967,0.011368477470397043,1.8385074280037839,2913
0.26296296296296295,0.011368477470397043,1.835331505970518,2913
0.26395895895895893,0.011368477470397043,1.832179551337251,2913
0.2649549549549549,0.011368477470397043,1.829051293815442,2913
0.26595095095095095,0.011368477470397043,1.8259464671655055,2913
0.26694694694694693,0.011368477470397043,1.82286480912129,2913
0.2679429429429429,0.011368477470397043,1.8198060613162148,2913
0.26893893893893894,0.011368477470397043,1.8167699692110681,2913
0.2699349349349349,0.011368477470397043,1.8137562820233972,2913
0.2709309309309309,0.011368477470397043,1.8107647526584487,2913
0.27192692692692694,0.011368477470397043,1.8077951376416432,2913
0.2729229229229229,0.011368477470397043,1.804847197052509,2913
0.2739189189189189,0.011368477470397043,1.8019206944600736,2913
0.2749149149149149,0.011368477470397043,1.7990153968596467,2913
0.2759109109109109,0.011368477470397043,1.796131074610986,2913
0.2769069069069069,0.011368477470397043,1.7932675013777843,2913
0.27790290290290287,0.011368477470397043,1.7904244540684664,2913
0.2788988988988989,0.011368477470397043,1.787601712778246,2913
0.2798948948948949,0.011368477470397043,1.7847990607324322,2913
0.28089089089089087,0.011368477470397043,1.7820162842309337,2913
0.28188688688688684,0.011368477470397043,1.779253172593939,2913
0.2828828828828829,0.011368477470397043,1.7765095181087471,2913
0.28387887887887886,0.011368477470397043,1.773785115977716,2913
0.28487487487487484,0.011368477470397043,1.7710797642673066,2913
0.2858708708708709,0.011368477470397043,1.768393263858187,2913
0.28686686686686685,0.011368477470397043,1.7657254183963746,2913
0.28786286286286283,0.011368477470397043,1.7630760342454017,2913
0.2888588588588588,0.011368477470397043,1.7604449204394657,2913
0.28985485485485485,0.011368477470397043,1.7578318886375366,2913
0.29085085085085083,0.011368477470397043,1.7552367530784232,2913
0.2918468468468468,0.011368477470397043,1.7526593305367475,2913
0.29284284284284284,0.011368477470397043,1.7500994402798256,2913
0.2938388388388388,0.011368477470397043,1.7475569040254157,2913
0.2948348348348348,0.011368477470397043,1.7450315459003334,2913
0.29583083083083084,0.011368477470397043,1.7425231923998952,2913
0.2968268268268268,0.011368477470397043,1.7400316723481815,2913
0.2978228228228228,0.011368477470397043,1.7375568168590974,2913
0.2988188188188188,0.011368477470397043,1.7350984592982122,2913
0.2998148148148148,0.011368477470397043,1.7326564352453588,2913
0.3008108108108108,0.011368477470397043,1.7302305824579722,2913
0.30180680680680677,0.011368477470397043,1.7278207408351645,2913
0.3028028028028028,0.011368477470397043,1.725426752382497,2913
0.3037987987987988,0.011368477470397043,1.7230484611774504,2913
0.30479479479479477,0.011368477470397043,1.720685713335578,2913
0.30579079079079075,0.011368477470397043,1.7183383569773079,2913
0.3067867867867868,0.011368477470397043,1.716006242195401,2913
0.30778278278278276,0.011368477470397043,1.7136892210230403,2913
0.30877877877877874,0.011368477470397043,1.711387147402533,2913
0.3097747747747748,0.011368477470397043,1.7090998771546193,2913
0.31077077077077075,0.011368477470397043,1.706827267948373,2913
0.31176676676676673,0.011368477470397043,1.7045691792716748,2913
0.31276276276276277,0.011368477470397043,1.7023254724022567,2913
0.31375875875875875,0.011368477470397043,1.7000960103792886,2913
0.31475475475475473,0.011368477470397043,1.697880657975511,2913
0.3157507507507507,0.011368477470397043,1.6956792816698942,2913
0.31674674674674674,0.011368477470397043,1.6934917496208115,2913
0.3177427427427427,0.011368477470397043,1.6913179316397198,2913
0.3187387387387387,0.011368477470397043,1.6891576991653294,2913
0.31973473473473474,0.011368477470397043,1.6870109252382575,2913
0.3207307307307307,0.011368477470397043,1.684877484476161,2913
0.3217267267267267,0.011368477470397043,1.682757253049321,2913
0.3227227227227227,0.011368477470397043,1.6806501086566863,2913
0.3237187187187187,0.011368477470397043,1.6785559305023539,2913
0.3247147147147147,0.011368477470397043,1.6764745992724923,2913
0.32571071071071067,0.011368477470397043,1.6744059971126695,2913
0.3267067067067067,0.011368477470397043,1.6723500076056215,2913
0.3277027027027027,0.011368477470397043,1.670306515749398,2913
0.32869869869869867,0.011368477470397043,1.668275407935934,2913
0.3296946946946947,0.011368477470397043,1.6662565719299822,2913
0.3306906906906907,0.011368477470397043,1.664249896848447,2913
0.33168668668668666,0.011368477470397043,1.6622552731400824,2913
0.33268268268268264,0.011368477470397043,1.6602725925655533,2913
0.3336786786786787,0.011368477470397043,1.6583017481778564,2913
0.33467467467467465,0.011368477470397043,1.65634263430309,2913
0.33567067067067063,0.011368477470397043,1.6543951465215703,2913
0.33666666666666667,0.011368477470397043,1.652459181649272,2913
0.33766266266266265,0.011368477470397043,1.6505346377196093,2913
0.33865865865865863,0.011368477470397043,1.6486214139655342,2913
0.3396546546546546,0.011368477470397043,1.6467194108019432,2913
0.34065065065065064,0.011368477470397043,1.644828529808405,2913
0.3416466466466466,0.011368477470397043,1.6429486737121792,2913
0.3426426426426426,0.011368477470397043,1.6410797463715405,2913
0.34363863863863864,0.011368477470397043,1.6392216527593828,2913
0.3446346346346346,0.011368477470397043,1.637374298947114,2913
0.3456306306306306,0.011368477470397043,1.6355375920888324,2913
0.3466266266266266,0.011368477470397043,1.633711440405767,2913
0.3476226226226226,0.011368477470397043,1.6318957531709932,2913
0.3486186186186186,0.011368477470397043,1.630090440694404,2913
0.34961461461461457,0.011368477470397043,1.6282954143079438,2913
0.3506106106106106,0.011368477470397043,1.6265105863510898,2913
0.3516066066066066,0.011368477470397043,1.6247358701565873,2913
0.35260260260260257,0.011368477470397043,1.6229711800364113,2913
0.3535985985985986,0.011368477470397043,1.621216431267985,2913
0.3545945945945946,0.011368477470397043,1.6194715400806121,2913
0.35559059059059056,0.011368477470397043,1.617736423642158,2913
0.35658658658658654,0.011368477470397043,1.6160110000459273,2913
0.3575825825825826,0.011368477470397043,1.6142951882977845,2913
0.35857857857857856,0.011368477470397043,1.6125889083034821,2913
0.35957457457457453,0.011368477470397043,1.6108920808561917,2913
0.36057057057057057,0.011368477470397043,1.6092046276242467,2913
0.36156656656656655,0.011368477470397043,1.607526471139098,2913
0.36256256256256253,0.011368477470397043,1.6058575347834454,2913
0.3635585585585585,0.011368477470397043,1.6041977427795902,2913
0.36455455455455454,0.011368477470397043,1.6025470201779537,2913
0.3655505505505505,0.011368477470397043,1.6009052928458054,2913
0.3665465465465465,0.011368477470397043,1.5992724874561597,2913
0.36754254254254254,0.011368477470397043,1.5976485314768625,2913
0.3685385385385385,0.011368477470397043,1.596033353159843,2913
0.3695345345345345,0.011368477470397043,1.5944268815305571,2913
0.37053053053053053,0.011368477470397043,1.592829046377588,2913
0.3715265265265265,0.011368477470397043,1.5912397782424084,2913
0.3725225225225225,0.011368477470397043,1.5896590084093316,2913
0.37351851851851847,0.011368477470397043,1.588086668895592,2913
0.3745145145145145,0.011368477470397043,1.5865226924416087,2913
0.3755105105105105,0.011368477470397043,1.584967012501394,2913
0.37650650650650647,0.011368477470397043,1.5834195632331094,2913
0.3775025025025025,0.011368477470397043,1.5818802794897824,2913
0.3784984984984985,0.011368477470397043,1.580349096810163,2913
0.37949449449449446,0.011368477470397043,1.5788259514097216,2913
0.38049049049049044,0.011368477470397043,1.577310780171792,2913
0.3814864864864865,0.011368477470397043,1.5758035206388616,2913
0.38248248248248246,0.011368477470397043,1.5743041110039775,2913
0.38347847847847844,0.011368477470397043,1.5728124901023053,2913
0.38447447447447447,0.011368477470397043,1.5713285974028102,2913
0.38547047047047045,0.011368477470397043,1.5698523730000669,2913
0.38646646646646643,0.011368477470397043,1.5683837576062027,2913
0.3874624624624624,0.011368477470397043,1.5669226925429534,2913
0.38845845845845844,0.011368477470397043,1.5654691197338564,2913
0.3894544544544544,0.011368477470397043,1.5640229816965454,2913
0.3904504504504504,0.011368477470397043,1.5625842215351864,2913
0.39144644644644644,0.011368477470397043,1.5611527829330003,2913
0.3924424424424424,0.011368477470397043,1.5597286101449281,2913
0.3934384384384384,0.011368477470397043,1.5583116479903873,2913
0.39443443443443443,0.011368477470397043,1.5569018418461458,2913
0.3954304304304304,0.011368477470397043,1.5554991376393033,2913
0.3964264264264264,0.011368477470397043,1.55410348184038,2913
0.3974224224224224,0.011368477470397043,1.5527148214565056,2913
0.3984184184184184,0.011368477470397043,1.5513331040247096,2913
0.3994144144144144,0.011368477470397043,1.549958277605318,2913
0.40041041041041037,0.011368477470397043,1.548590290775442,2913
0.4014064064064064,0.011368477470397043,1.547229092622573,2913
0.4024024024024024,0.011368477470397043,1.5458746327382529,2913
0.40339839839839836,0.011368477470397043,1.5445268612118703,2913
0.40439439439439434,0.011368477470397043,1.54318572862451,2913
0.4053903903903904,0.011368477470397043,1.5418511860429294,2913
0.40638638638638636,0.011368477470397043,1.5405231850135972,2913
0.40738238238238234,0.011368477470397043,1.5392016775568313,2913
0.40837837837837837,0.011368477470397043,1.5378866161610218,2913
0.40937437437437435,0.011368477470397043,1.5365779537769357,2913
0.41037037037037033,0.011368477470397043,1.5352756438121076,2913
0.41136636636636636,0.011368477470397043,1.5339796401253074,2913
0.41236236236236234,0.011368477470397043,1.532689897021092,2913
0.4133583583583583,0.011368477470397043,1.5314063692444395,2913
0.4143543543543543,0.011368477470397043,1.5301290119754438,2913
0.41535035035035034,0.011368477470397043,1.5288577808241084,2913
0.4163463463463463,0.011368477470397043,1.5275926318252053,2913
0.4173423423423423,0.011368477470397043,1.5263335214331966,2913
0.41833833833833833,0.011368477470397043,1.525080406517244,2913
0.4193343343343343,0.011368477470397043,1.5238332443562888,2913
0.4203303303303303,0.011368477470397043,1.5225919926341858,2913
0.4213263263263263,0.011368477470397043,1.5213566094349276,2913
0.4223223223223223,0.011368477470397043,1.52012705323792,2913
0.4233183183183183,0.011368477470397043,1.5189032829133342,2913
0.42431431431431427,0.011368477470397043,1.5176852577175157,2913
0.4253103103103103,0.011368477470397043,1.5164729372884667,2913
0.4263063063063063,0.011368477470397043,1.5152662816413902,2913
0.42730230230230226,0.011368477470397043,1.5140652511642845,2913
0.4282982982982983,0.011368477470397043,1.5128698066136197,2913
0.4292942942942943,0.011368477470397043,1.5116799091100537,2913
0.43029029029029026,0.011368477470397043,1.5104955201342216,2913
0.43128628628628624,0.011368477470397043,1.5093166015225845,2913
0.43228228228228227,0.011368477470397043,1.5081431154633178,2913
0.43327827827827825,0.011368477470397043,1.506975024492281,2913
0.43427427427427423,0.011368477470397043,1.5058122914890224,2913
0.43527027027027027,0.011368477470397043,1.5046548796728507,2913
0.43626626626626624,0.011368477470397043,1.5035027525989575,2913
0.4372622622622622,0.011368477470397043,1.5023558741545866,2913
0.4382582582582582,0.011368477470397043,1.5012142085552687,2913
0.43925425425425424,0.011368477470397043,1.5000777203410918,2913
0.4402502502502502,0.011368477470397043,1.4989463743730371,2913
0.4412462462462462,0.011368477470397043,1.4978201358293493,2913
0.44224224224224223,0.011368477470397043,1.4966989702019735,2913
0.4432382382382382,0.011368477470397043,1.495582843293021,2913
0.4442342342342342,0.011368477470397043,1.4944717212112997,2913
0.4452302302302302,0.011368477470397043,1.4933655703688773,2913
0.4462262262262262,0.011368477470397043,1.4922643574777064,2913
0.4472222222222222,0.011368477470397043,1.4911680495462714,2913
0.44821821821821817,0.011368477470397043,1.4900766138763057,2913
0.4492142142142142,0.011368477470397043,1.4889900180595397,2913
0.4502102102102102,0.011368477470397043,1.4879082299744812,2913
0.45120620620620616,0.011368477470397043,1.4868312177832674,2913
0.4522022022022022,0.011368477470397043,1.4857589499285289,2913
0.4531981981981982,0.011368477470397043,1.4846913951303107,2913
0.45419419419419416,0.011368477470397043,1.483628522383034,2913
0.45519019019019014,0.011368477470397043,1.4825703009524887,2913
0.45618618618618617,0.011368477470397043,1.481516700372876,2913
0.45718218218218215,0.011368477470397043,1.4804676904438823,2913
0.45817817817817813,0.011368477470397043,1.4794232412277917,2913
0.45917417417417417,0.011368477470397043,1.4783833230466443,2913
0.46017017017017015,0.011368477470397043,1.4773479064794186,2913
0.4611661661661661,0.011368477470397043,1.4763169623592594,2913
0.4621621621621621,0.011368477470397043,1.475290461770737,2913
0.46315815815815814,0.011368477470397043,1.4742683760471507,2913
0.4641541541541541,0.011368477470397043,1.47325067676785,2913
0.4651501501501501,0.011368477470397043,1.4722373357556113,2913
0.46614614614614613,0.011368477470397043,1.4712283250740243,2913
0.4671421421421421,0.011368477470397043,1.4702236170249385,2913
0.4681381381381381,0.011368477470397043,1.4692231841459196,2913
0.46913413413413413,0.011368477470397043,1.468226999207752,2913
0.4701301301301301,0.011368477470397043,1.4672350352119605,2913
0.4711261261261261,0.011368477470397043,1.4662472653883845,2913
0.47212212212212207,0.011368477470397043,1.4652636631927574,2913
0.4731181181181181,0.011368477470397043,1.464284202304336,2913
0.4741141141141141,0.011368477470397043,1.4633088566235486,2913
0.47511011011011006,0.011368477470397043,1.462337600269681,2913
0.4761061061061061,0.011368477470397043,1.4613704075785836,2913
0.4771021021021021,0.011368477470397043,1.4604072531004113,2913
0.47809809809809806,0.011368477470397043,1.4594481115973934,2913
0.47909409409409404,0.011368477470397043,1.4584929580416282,2913
0.48009009009009007,0.011368477470397043,1.457541767612904,2913
0.48108608608608605,0.011368477470397043,1.4565945156965536,2913
0.48208208208208203,0.011368477470397043,1.4556511778813248,2913
0.48307807807807807,0.011368477470397043,1.4547117299572911,2913
0.48407407407407405,0.011368477470397043,1.4537761479137719,2913
0.48507007007007,0.011368477470397043,1.4528444079372957,2913
0.48606606606606606,0.011368477470397043,1.451916486409572,2913
0.48706206206206204,0.011368477470397043,1.450992359905501,2913
0.488058058058058,0.011368477470397043,1.4500720051911997,2913
0.489054054054054,0.011368477470397043,1.449155399222057,2913
0.49005005005005003,0.011368477470397043,1.4482425191408028,2913
0.491046046046046,0.011368477470397043,1.4473333422756212,2913
0.492042042042042,0.011368477470397043,1.4464278461382645,2913
0.49303803803803803,0.011368477470397043,1.4455260084221957,2913
0.494034034034034,0.011368477470397043,1.4446278070007692,2913
0.49503003003003,0.011368477470397043,1.4437332199254114,2913
0.49602602602602597,0.011368477470397043,1.4428422254238291,2913
0.497022022022022,0.011368477470397043,1.4419548018982598,2913
0.498018018018018,0.011368477470397043,1.4410709279237088,2913
0.49901401401401396,0.011368477470397043,1.4401905822462349,2913
0.50001001001001,0.011368477470397043,1.4393137437812444,2913
0.501006006006006,0.011368477470397043,1.4384403916118065,2913
0.502002002002002,0.011368477470397043,1.4375705049869925,2913
0.5029979979979979,0.011368477470397043,1.4367040633202288,2913
0.5039939939939939,0.011368477470397043,1.4358410461876785,2913
0.5049899899899899,0.011368477470397043,1.4349814333266309,2913
0.505985985985986,0.011368477470397043,1.4341252046339164,2913
0.506981981981982,0.011368477470397043,1.4332723401643428,2913
0.507977977977978,0.011368477470397043,1.4324228201291453,2913
0.5089739739739739,0.011368477470397043,1.431576624894453,2913
0.5099699699699699,0.011368477470397043,1.4307337349797822,2913
0.5109659659659659,0.011368477470397043,1.4298941310565316,2913
0.511961961961962,0.011368477470397043,1.4290577939465183,2913
0.512957957957958,0.011368477470397043,1.4282247046205054,2913
0.5139539539539539,0.011368477470397043,1.4273948441967654,2913
0.5149499499499499,0.011368477470397043,1.426568193939652,2913
0.5159459459459459,0.011368477470397043,1.4257447352581916,2913
0.5169419419419419,0.011368477470397043,1.424924449704684,2913
0.5179379379379379,0.011368477470397043,1.424107318973332,2913
0.5189339339339339,0.011368477470397043,1.4232933248988777,2913
0.5199299299299299,0.011368477470397043,1.4224824494552504,2913
0.5209259259259259,0.011368477470397043,1.4216746747542448,2913
0.5219219219219219,0.011368477470397043,1.4208699830442015,2913
0.5229179179179179,0.011368477470397043,1.4200683567087047,2913
0.5239139139139138,0.011368477470397043,1.4192697782652992,2913
0.5249099099099098,0.011368477470397043,1.41847423036422,2913
0.5259059059059059,0.011368477470397043,1.4176816957871332,2913
0.5269019019019019,0.011368477470397043,1.4168921574458966,2913
0.5278978978978979,0.011368477470397043,1.4161055983813282,2913
0.5288938938938939,0.011368477470397043,1.4153220017619965,2913
0.5298898898898898,0.011368477470397043,1.414541350883017,2913
0.5308858858858858,0.011368477470397043,1.4137636291648623,2913
0.5318818818818818,0.011368477470397043,1.4129888201521963,2913
0.5328778778778779,0.011368477470397043,1.4122169075127038,2913
0.5338738738738739,0.011368477470397043,1.4114478750359523,2913
0.5348698698698698,0.011368477470397043,1.4106817066322503,2913
0.5358658658658658,0.011368477470397043,1.4099183863315283,2913
0.5368618618618618,0.011368477470397043,1.4091578982822295,2913
0.5378578578578578,0.011368477470397043,1.408400226750211,2913
0.5388538538538539,0.011368477470397043,1.407645356117659,2913
0.5398498498498498,0.011368477470397043,1.4068932708820157,2913
0.5408458458458458,0.011368477470397043,1.406143955654922,2913
0.5418418418418418,0.011368477470397043,1.4053973951611576,2913
0.5428378378378378,0.011368477470397043,1.4046535742376163,2913
0.5438338338338338,0.011368477470397043,1.4039124778322685,2913
0.5448298298298297,0.011368477470397043,1.403174091003152,2913
0.5458258258258258,0.011368477470397043,1.4024383989173665,2913
0.5468218218218218,0.011368477470397043,1.4017053868500793,2913
0.5478178178178178,0.011368477470397043,1.4009750401835426,2913
0.5488138138138138,0.011368477470397043,1.4002473444061247,2913
0.5498098098098098,0.011368477470397043,1.3995222851113434,2913
0.5508058058058057,0.011368477470397043,1.398799847996923,2913
0.5518018018018017,0.011368477470397043,1.398080018863847,2913
0.5527977977977978,0.011368477470397043,1.39736278361543,2913
0.5537937937937938,0.011368477470397043,1.3966481282563987,2913
0.5547897897897898,0.011368477470397043,1.395936038891982,2913
0.5557857857857857,0.011368477470397043,1.395226501727007,2913
0.5567817817817817,0.011368477470397043,1.3945195030650126,2913
0.5577777777777777,0.011368477470397043,1.3938150293073652,2913
0.5587737737737737,0.011368477470397043,1.393113066952387,2913
0.5597697697697698,0.011368477470397043,1.3924136025944955,2913
0.5607657657657658,0.011368477470397043,1.3917166229233475,2913
0.5617617617617617,0.011368477470397043,1.3910221147229955,2913
0.5627577577577577,0.011368477470397043,1.3903300648710546,2913
0.5637537537537537,0.011368477470397043,1.389640460337874,2913
0.5647497497497497,0.011368477470397043,1.388953288185718,2913
0.5657457457457457,0.011368477470397043,1.3882685355679607,2913
0.5667417417417417,0.011368477470397043,1.3875861897282817,2913
0.5677377377377377,0.011368477470397043,1.3869062379998764,2913
0.5687337337337337,0.011368477470397043,1.386228667804669,2913
0.5697297297297297,0.011368477470397043,1.3855534666525424,2913
0.5707257257257257,0.011368477470397043,1.3848806221405658,2913
0.5717217217217216,0.011368477470397043,1.3842101219522362,2913
0.5727177177177176,0.011368477470397043,1.38354195385673,2913
0.5737137137137137,0.011368477470397043,1.382876105708154,2913
0.5747097097097097,0.011368477470397043,1.3822125654448145,2913
0.5757057057057057,0.011368477470397043,1.3815513210884853,2913
0.5767017017017017,0.011368477470397043,1.3808923607436907,2913
0.5776976976976976,0.011368477470397043,1.3802356725969867,2913
0.5786936936936936,0.011368477470397043,1.3795812449162614,2913
0.5796896896896897,0.011368477470397043,1.3789290660500328,2913
0.5806856856856857,0.011368477470397043,1.3782791244267527,2913
0.5816816816816817,0.011368477470397043,1.3776314085541346,2913
0.5826776776776776,0.011368477470397043,1.3769859070184662,2913
0.5836736736736736,0.011368477470397043,1.3763426084839392,2913
0.5846696696696696,0.011368477470397043,1.3757015016919922,2913
0.5856656656656656,0.011368477470397043,1.375062575460648,2913
0.5866616616616617,0.011368477470397043,1.3744258186838654,2913
0.5876576576576577,0.011368477470397043,1.3737912203308964,2913
0.5886536536536536,0.011368477470397043,1.3731587694456495,2913
0.5896496496496496,0.011368477470397043,1.3725284551460561,2913
0.5906456456456456,0.011368477470397043,1.3719002666234514,2913
0.5916416416416416,0.011368477470397043,1.3712741931419503,2913
0.5926376376376375,0.011368477470397043,1.3706502240378433,2913
0.5936336336336336,0.011368477470397043,1.3700283487189835,2913
0.5946296296296296,0.011368477470397043,1.3694085566641925,2913
0.5956256256256256,0.011368477470397043,1.3687908374226665,2913
0.5966216216216216,0.011368477470397043,1.3681751806133835,2913
0.5976176176176176,0.011368477470397043,1.3675615759245305,2913
0.5986136136136135,0.011368477470397043,1.3669500131129217,2913
0.5996096096096095,0.011368477470397043,1.3663404820034275,2913
0.6006056056056056,0.011368477470397043,1.3657329724884169,2913
0.6016016016016016,0.011368477470397043,1.3651274745271942,2913
0.6025975975975976,0.011368477470397043,1.3645239781454417,2913
0.6035935935935935,0.011368477470397043,1.3639224734346815,2913
0.6045895895895895,0.011368477470397043,1.3633229505517255,2913
0.6055855855855855,0.011368477470397043,1.3627253997181432,2913
0.6065815815815815,0.011368477470397043,1.3621298112197266,2913
0.6075775775775776,0.011368477470397043,1.3615361754059656,2913
0.6085735735735736,0.011368477470397043,1.3609444826895278,2913
0.6095695695695695,0.011368477470397043,1.3603547235457394,2913
0.6105655655655655,0.011368477470397043,1.3597668885120748,2913
0.6115615615615615,0.011368477470397043,1.3591809681876568,2913
0.6125575575575575,0.011368477470397043,1.358596953232743,2913
0.6135535535535536,0.011368477470397043,1.3580148343682414,2913
0.6145495495495495,0.011368477470397043,1.3574346023752129,2913
0.6155455455455455,0.011368477470397043,1.3568562480943855,2913
0.6165415415415415,0.011368477470397043,1.3562797624256733,2913
0.6175375375375375,0.011368477470397043,1.3557051363276995,2913
0.6185335335335335,0.011368477470397043,1.3551323608173218,2913
0.6195295295295294,0.011368477470397043,1.3545614269691646,2913
0.6205255255255255,0.011368477470397043,1.3539923259151594,2913
0.6215215215215215,0.011368477470397043,1.3534250488440789,2913
0.6225175175175175,0.011368477470397043,1.3528595870010882,2913
0.6235135135135135,0.011368477470397043,1.3522959316872896,2913
0.6245095095095095,0.011368477470397043,1.3517340742592843,2913
0.6255055055055054,0.011368477470397043,1.351174006128718,2913
0.6265015015015014,0.011368477470397043,1.3506157187618548,2913
0.6274974974974975,0.011368477470397043,1.3500592036791401,2913
0.6284934934934935,0.011368477470397043,1.3495044524547681,2913
0.6294894894894895,0.011368477470397043,1.348951456716262,2913
0.6304854854854854,0.011368477470397043,1.3484002081440456,2913
0.6314814814814814,0.011368477470397043,1.347850698471037,2913
0.6324774774774774,0.011368477470397043,1.3473029194822226,2913
0.6334734734734734,0.011368477470397043,1.3467568630142572,2913
0.6344694694694695,0.011368477470397043,1.3462125209550546,2913
0.6354654654654655,0.011368477470397043,1.345669885243386,2913
0.6364614614614614,0.011368477470397043,1.3451289478684825,2913
0.6374574574574574,0.011368477470397043,1.344589700869642,2913
0.6384534534534534,0.011368477470397043,1.344052136335835,2913
0.6394494494494494,0.011368477470397043,1.3435162464053245,2913
0.6404454454454453,0.011368477470397043,1.3429820232652758,2913
0.6414414414414414,0.011368477470397043,1.3424494591513791,2913
0.6424374374374374,0.011368477470397043,1.3419185463474752,2913
0.6434334334334334,0.011368477470397043,1.3413892771851819,2913
0.6444294294294294,0.011368477470397043,1.3408616440435217,2913
0.6454254254254254,0.011368477470397043,1.340335639348562,2913
0.6464214214214213,0.011368477470397043,1.3398112555730475,2913
0.6474174174174173,0.011368477470397043,1.3392884852360436,2913
0.6484134134134134,0.011368477470397043,1.3387673209025797,2913
0.6494094094094094,0.011368477470397043,1.3382477551832983,2913
0.6504054054054054,0.011368477470397043,1.3377297807341035,2913
0.6514014014014013,0.011368477470397043,1.3372133902558152,2913
0.6523973973973973,0.011368477470397043,1.336698576493828,2913
0.6533933933933933,0.011368477470397043,1.3361853322377717,2913
0.6543893893893894,0.011368477470397043,1.3356736503211717,2913
0.6553853853853854,0.011368477470397043,1.3351635236211183,2913
0.6563813813813814,0.011368477470397043,1.3346549450579346,2913
0.6573773773773773,0.011368477470397043,1.3341479075948501,2913
0.6583733733733733,0.011368477470397043,1.3336424042376747,2913
0.6593693693693693,0.011368477470397043,1.3331384280344785,2913
0.6603653653653653,0.011368477470397043,1.3326359720752725,2913
0.6613613613613614,0.011368477470397043,1.3321350294916934,2913
0.6623573573573573,0.011368477470397043,1.3316355934566892,2913
0.6633533533533533,0.011368477470397043,1.33113765718421,2913
0.6643493493493493,0.011368477470397043,1.330641213928903,2913
0.6653453453453453,0.011368477470397043,1.3301462569858018,2913
0.6663413413413413,0.011368477470397043,1.3296527796900304,2913
0.6673373373373372,0.011368477470397043,1.3291607754165018,2913
0.6683333333333333,0.011368477470397043,1.3286702375796202,2913
0.6693293293293293,0.011368477470397043,1.3281811596329913,2913
0.6703253253253253,0.011368477470397043,1.3276935350691268,2913
0.6713213213213213,0.011368477470397043,1.3272073574191556,2913
0.6723173173173173,0.011368477470397043,1.3267226202525433,2913
0.6733133133133132,0.011368477470397043,1.3262393171768025,2913
0.6743093093093092,0.011368477470397043,1.3257574418372133,2913
0.6753053053053053,0.011368477470397043,1.3252769879165487,2913
0.6763013013013013,0.011368477470397043,1.3247979491347923,2913
0.6772972972972973,0.011368477470397043,1.3243203192488693,2913
0.6782932932932932,0.011368477470397043,1.3238440920523755,2913
0.6792892892892892,0.011368477470397043,1.3233692613753028,2913
0.6802852852852852,0.011368477470397043,1.322895821083781,2913
0.6812812812812812,0.011368477470397043,1.3224237650798063,2913
0.6822772772772773,0.011368477470397043,1.321953087300984,2913
0.6832732732732733,0.011368477470397043,1.3214837817202676,2913
0.6842692692692692,0.011368477470397043,1.3210158423457017,2913
0.6852652652652652,0.011368477470397043,1.3205492632201672,2913
0.6862612612612612,0.011368477470397043,1.320084038421126,2913
0.6872572572572572,0.011368477470397043,1.3196201620603751,2913
0.6882532532532531,0.011368477470397043,1.3191576282837947,2913
0.6892492492492492,0.011368477470397043,1.3186964312711011,2913
0.6902452452452452,0.011368477470397043,1.318236565235608,2913
0.6912412412412412,0.011368477470397043,1.3177780244239776,2913
0.6922372372372372,0.011368477470397043,1.3173208031159858,2913
0.6932332332332332,0.011368477470397043,1.31686489562428,2913
0.6942292292292291,0.011368477470397043,1.3164102962941486,2913
0.6952252252252252,0.011368477470397043,1.3159569995032832,2913
0.6962212212212212,0.011368477470397043,1.3155049996615484,2913
0.6972172172172172,0.011368477470397043,1.3150542912107475,2913
0.6982132132132132,0.011368477470397043,1.3146048686244056,2913
0.6992092092092091,0.011368477470397043,1.314156726407532,2913
0.7002052052052051,0.011368477470397043,1.3137098590964007,2913
0.7012012012012011,0.011368477470397043,1.313264261258333,2913
0.7021971971971972,0.011368477470397043,1.312819927491469,2913
0.7031931931931932,0.011368477470397043,1.312376852424553,2913
0.7041891891891892,0.011368477470397043,1.3119350307167224,2913
0.7051851851851851,0.011368477470397043,1.311494457057282,2913
0.7061811811811811,0.011368477470397043,1.3110551261655021,2913
0.7071771771771771,0.011368477470397043,1.3106170327904,2913
0.7081731731731731,0.011368477470397043,1.3101801717105335,2913
0.7091691691691692,0.011368477470397043,1.3097445377337964,2913
0.7101651651651651,0.011368477470397043,1.3093101256972053,2913
0.7111611611611611,0.011368477470397043,1.3088769304667045,2913
0.7121571571571571,0.011368477470397043,1.308444946936958,2913
0.7131531531531531,0.011368477470397043,1.3080141700311503,2913
0.7141491491491491,0.011368477470397043,1.307584594700786,2913
0.715145145145145,0.011368477470397043,1.3071562159254968,2913
0.7161411411411411,0.011368477470397043,1.3067290287128426,2913
0.7171371371371371,0.011368477470397043,1.3063030280981183,2913
0.7181331331331331,0.011368477470397043,1.30587820914416,2913
0.7191291291291291,0.011368477470397043,1.3054545669411588,2913
0.720125125125125,0.011368477470397043,1.3050320966064657,2913
0.721121121121121,0.011368477470397043,1.3046107932844082,2913
0.722117117117117,0.011368477470397043,1.3041906521461024,2913
0.7231131131131131,0.011368477470397043,1.3037716683892688,2913
0.7241091091091091,0.011368477470397043,1.303353837238051,2913
0.7251051051051051,0.011368477470397043,1.302937153942833,2913
0.726101101101101,0.011368477470397043,1.3025216137800575,2913
0.727097097097097,0.011368477470397043,1.3021072120520483,2913
0.728093093093093,0.011368477470397043,1.3016939440868371,2913
0.729089089089089,0.011368477470397043,1.3012818052379826,2913
0.7300850850850851,0.011368477470397043,1.300870790884398,2913
0.731081081081081,0.011368477470397043,1.3004608964301816,2913
0.732077077077077,0.011368477470397043,1.300052117304438,2913
0.733073073073073,0.011368477470397043,1.2996444489611192,2913
0.734069069069069,0.011368477470397043,1.299237886878844,2913
0.735065065065065,0.011368477470397043,1.29883242656074,2913
0.7360610610610611,0.011368477470397043,1.298428063534273,2913
0.737057057057057,0.011368477470397043,1.2980247933510862,2913
0.738053053053053,0.011368477470397043,1.2976226115868317,2913
0.739049049049049,0.011368477470397043,1.2972215138410137,2913
0.740045045045045,0.011368477470397043,1.2968214957368258,2913
0.741041041041041,0.011368477470397043,1.2964225529209925,2913
0.7420370370370369,0.011368477470397043,1.2960246810636105,2913
0.743033033033033,0.011368477470397043,1.2956278758579933,2913
0.744029029029029,0.011368477470397043,1.2952321330205134,2913
0.745025025025025,0.011368477470397043,1.2948374482904526,2913
0.746021021021021,0.011368477470397043,1.2944438174298425,2913
0.747017017017017,0.011368477470397043,1.2940512362233194,2913
0.7480130130130129,0.011368477470397043,1.2936597004779702,2913
0.7490090090090089,0.011368477470397043,1.2932692060231845,2913
0.750005005005005,0.011368477470397043,1.2928797487105044,2913
0.751001001001001,0.011368477470397043,1.2924913244134801,2913
0.751996996996997,0.011368477470397043,1.292103929027524,2913
0.7529929929929929,0.011368477470397043,1.2917175584697635,2913
0.7539889889889889,0.011368477470397043,1.291332208678902,2913
0.7549849849849849,0.011368477470397043,1.2909478756150705,2913
0.7559809809809809,0.011368477470397043,1.290564555259694,2913
0.756976976976977,0.011368477470397043,1.2901822436153432,2913
0.757972972972973,0.011368477470397043,1.2898009367056014,2913
0.7589689689689689,0.011368477470397043,1.2894206305749258,2913
0.7599649649649649,0.011368477470397043,1.2890413212885108,2913
0.7609609609609609,0.011368477470397043,1.2886630049321486,2913
0.7619569569569569,0.011368477470397043,1.2882856776120972,2913
0.7629529529529528,0.011368477470397043,1.2879093354549491,2913
0.7639489489489489,0.011368477470397043,1.2875339746074972,2913
0.7649449449449449,0.011368477470397043,1.2871595912365987,2913
0.7659409409409409,0.011368477470397043,1.2867861815290513,2913
0.7669369369369369,0.011368477470397043,1.2864137416914616,2913
0.7679329329329329,0.011368477470397043,1.2860422679501153,2913
0.7689289289289288,0.011368477470397043,1.285671756550849,2913
0.7699249249249248,0.011368477470397043,1.2853022037589286,2913
0.7709209209209209,0.011368477470397043,1.2849336058589176,2913
0.7719169169169169,0.011368477470397043,1.284565959154556,2913
0.7729129129129129,0.011368477470397043,1.2841992599686374,2913
0.7739089089089088,0.011368477470397043,1.283833504642883,2913
0.7749049049049048,0.011368477470397043,1.2834686895378244,2913
0.7759009009009008,0.011368477470397043,1.2831048110326788,2913
0.7768968968968969,0.011368477470397043,1.2827418655252343,2913
0.7778928928928929,0.011368477470397043,1.2823798494317231,2913
0.7788888888888889,0.011368477470397043,1.282018759186711,2913
0.7798848848848848,0.011368477470397043,1.2816585912429763,2913
0.7808808808808808,0.011368477470397043,1.281299342071398,2913
0.7818768768768768,0.011368477470397043,1.280941008160833,2913
0.7828728728728728,0.011368477470397043,1.280583586018009,2913
0.7838688688688689,0.011368477470397043,1.2802270721674067,2913
0.7848648648648648,0.011368477470397043,1.2798714631511505,2913
0.7858608608608608,0.011368477470397043,1.2795167555288922,2913
0.7868568568568568,0.011368477470397043,1.279162945877704,2913
0.7878528528528528,0.011368477470397043,1.278810030791968,2913
0.7888488488488488,0.011368477470397043,1.2784580068832645,2913
0.7898448448448447,0.011368477470397043,1.2781068707802656,2913
0.7908408408408408,0.011368477470397043,1.2777566191286258,2913
0.7918368368368368,0.011368477470397043,1.2774072485908792,2913
0.7928328328328328,0.011368477470397043,1.2770587558463273,2913
0.7938288288288288,0.011368477470397043,1.2767111375909386,2913
0.7948248248248247,0.011368477470397043,1.2763643905372446,2913
0.7958208208208207,0.011368477470397043,1.2760185114142313,2913
0.7968168168168167,0.011368477470397043,1.275673496967242,2913
0.7978128128128128,0.011368477470397043,1.2753293439578686,2913
0.7988088088088088,0.011368477470397043,1.2749860491638583,2913
0.7998048048048048,0.011368477470397043,1.2746436093790083,2913
0.8008008008008007,0.011368477470397043,1.2743020214130651,2913
0.8017967967967967,0.011368477470397043,1.273961282091627,2913
0.8027927927927927,0.011368477470397043,1.2736213882560488,2913
0.8037887887887887,0.011368477470397043,1.2732823367633368,2913
0.8047847847847848,0.011368477470397043,1.2729441244860595,2913
0.8057807807807807,0.011368477470397043,1.2726067483122467,2913
0.8067767767767767,0.011368477470397043,1.2722702051452945,2913
0.8077727727727727,0.011368477470397043,1.2719344919038764,2913
0.8087687687687687,0.011368477470397043,1.2715996055218386,2913
0.8097647647647647,0.011368477470397043,1.271265542948116,2913
0.8107607607607608,0.011368477470397043,1.2709323011466342,2913
0.8117567567567567,0.011368477470397043,1.2705998770962217,2913
0.8127527527527527,0.011368477470397043,1.2702682677905144,2913
0.8137487487487487,0.011368477470397043,1.2699374702378683,2913
0.8147447447447447,0.011368477470397043,1.2696074814612657,2913
0.8157407407407407,0.011368477470397043,1.2692782984982303,2913
0.8167367367367366,0.011368477470397043,1.2689499184007373,2913
0.8177327327327327,0.011368477470397043,1.2686223382351227,2913
0.8187287287287287,0.011368477470397043,1.2682955550819985,2913
0.8197247247247247,0.011368477470397043,1.2679695660361672,2913
0.8207207207207207,0.011368477470397043,1.267644368206529,2913
0.8217167167167166,0.011368477470397043,1.2673199587160071,2913
0.8227127127127126,0.011368477470397043,1.2669963347014526,2913
0.8237087087087086,0.011368477470397043,1.2666734933135677,2913
0.8247047047047047,0.011368477470397043,1.2663514317168156,2913
0.8257007007007007,0.011368477470397043,1.2660301470893454,2913
0.8266966966966967,0.011368477470397043,1.2657096366229013,2913
0.8276926926926926,0.011368477470397043,1.2653898975227438,2913
0.8286886886886886,0.011368477470397043,1.2650709270075755,2913
0.8296846846846846,0.011368477470397043,1.2647527223094484,2913
0.8306806806806806,0.011368477470397043,1.2644352806736903,2913
0.8316766766766767,0.011368477470397043,1.264118599358827,2913
0.8326726726726726,0.011368477470397043,1.2638026756364997,2913
0.8336686686686686,0.011368477470397043,1.2634875067913895,2913
0.8346646646646646,0.011368477470397043,1.2631730901211358,2913
0.8356606606606606,0.011368477470397043,1.262859422936263,2913
0.8366566566566566,0.011368477470397043,1.262546502560102,2913
0.8376526526526525,0.011368477470397043,1.2622343263287135,2913
0.8386486486486486,0.011368477470397043,1.261922891590814,2913
0.8396446446446446,0.011368477470397043,1.2616121957077007,2913
0.8406406406406406,0.011368477470397043,1.261302236053173,2913
0.8416366366366366,0.011368477470397043,1.2609930100134654,2913
0.8426326326326325,0.011368477470397043,1.26068451498717,2913
0.8436286286286285,0.011368477470397043,1.2603767483851607,2913
0.8446246246246245,0.011368477470397043,1.2600697076305276,2913
0.8456206206206206,0.011368477470397043,1.2597633901584988,2913
0.8466166166166166,0.011368477470397043,1.2594577934163738,2913
0.8476126126126126,0.011368477470397043,1.2591529148634473,2913
0.8486086086086085,0.011368477470397043,1.2588487519709457,2913
0.8496046046046045,0.011368477470397043,1.2585453022219513,2913
0.8506006006006005,0.011368477470397043,1.2582425631113352,2913
0.8515965965965966,0.011368477470397043,1.2579405321456878,2913
0.8525925925925926,0.011368477470397043,1.2576392068432516,2913
0.8535885885885885,0.011368477470397043,1.2573385847338518,2913
0.8545845845845845,0.011368477470397043,1.257038663358828,2913
0.8555805805805805,0.011368477470397043,1.2567394402709708,2913
0.8565765765765765,0.011368477470397043,1.2564409130344518,2913
0.8575725725725725,0.011368477470397043,1.2561430792247594,2913
0.8585685685685686,0.011368477470397043,1.255845936428629,2913
0.8595645645645645,0.011368477470397043,1.2555494822439868,2913
0.8605605605605605,0.011368477470397043,1.2552537142798748,2913
0.8615565565565565,0.011368477470397043,1.254958630156393,2913
0.8625525525525525,0.011368477470397043,1.2546642275046334,2913
0.8635485485485485,0.011368477470397043,1.2543705039666182,2913
0.8645445445445444,0.011368477470397043,1.2540774571952342,2913
0.8655405405405405,0.011368477470397043,1.2537850848541712,2913
0.8665365365365365,0.011368477470397043,1.2534933846178613,2913
0.8675325325325325,0.011368477470397043,1.2532023541714183,2913
0.8685285285285285,0.011368477470397043,1.2529119912105713,2913
0.8695245245245244,0.011368477470397043,1.2526222934416074,2913
0.8705205205205204,0.011368477470397043,1.2523332585813136,2913
0.8715165165165164,0.011368477470397043,1.2520448843569107,2913
0.8725125125125125,0.011368477470397043,1.2517571685060005,2913
0.8735085085085085,0.011368477470397043,1.2514701087765012,2913
0.8745045045045045,0.011368477470397043,1.251183702926592,2913
0.8755005005005004,0.011368477470397043,1.250897948724653,2913
0.8764964964964964,0.011368477470397043,1.2506128439492072,2913
0.8774924924924924,0.011368477470397043,1.2503283863888655,2913
0.8784884884884884,0.011368477470397043,1.2500445738422656,2913
0.8794844844844845,0.011368477470397043,1.2497614041180176,2913
0.8804804804804804,0.011368477470397043,1.2494788750346484,2913
0.8814764764764764,0.011368477470397043,1.2491969844205426,2913
0.8824724724724724,0.011368477470397043,1.2489157301138896,2913
0.8834684684684684,0.011368477470397043,1.2486351099626274,2913
0.8844644644644644,0.011368477470397043,1.2483551218243882,2913
0.8854604604604603,0.011368477470397043,1.2480757635664423,2913
0.8864564564564564,0.011368477470397043,1.2477970330656474,2913
0.8874524524524524,0.011368477470397043,1.2475189282083883,2913
0.8884484484484484,0.011368477470397043,1.2472414468905324,2913
0.8894444444444444,0.011368477470397043,1.2469645870173687,2913
0.8904404404404404,0.011368477470397043,1.2466883465035599,2913
0.8914364364364363,0.011368477470397043,1.2464127232730877,2913
0.8924324324324324,0.011368477470397043,1.2461377152592008,2913
0.8934284284284284,0.011368477470397043,1.2458633204043665,2913
0.8944244244244244,0.011368477470397043,1.2455895366602145,2913
0.8954204204204204,0.011368477470397043,1.2453163619874887,2913
0.8964164164164163,0.011368477470397043,1.2450437943559967,2913
0.8974124124124123,0.011368477470397043,1.2447718317445586,2913
0.8984084084084083,0.011368477470397043,1.2445004721409572,2913
0.8994044044044044,0.011368477470397043,1.2442297135418896,2913
0.9004004004004004,0.011368477470397043,1.2439595539529171,2913
0.9013963963963963,0.011368477470397043,1.2436899913884134,2913
0.9023923923923923,0.011368477470397043,1.2434210238715204,2913
0.9033883883883883,0.011368477470397043,1.2431526494340999,2913
0.9043843843843843,0.011368477470397043,1.2428848661166783,2913
0.9053803803803803,0.011368477470397043,1.2426176719684106,2913
0.9063763763763764,0.011368477470397043,1.2423510650470226,2913
0.9073723723723723,0.011368477470397043,1.2420850434187702,2913
0.9083683683683683,0.011368477470397043,1.2418196051583896,2913
0.9093643643643643,0.011368477470397043,1.2415547483490499,2913
0.9103603603603603,0.011368477470397043,1.241290471082313,2913
0.9113563563563563,0.011368477470397043,1.2410267714580787,2913
0.9123523523523522,0.011368477470397043,1.2407636475845478,2913
0.9133483483483483,0.011368477470397043,1.2405010975781732,2913
0.9143443443443443,0.011368477470397043,1.2402391195636093,2913
0.9153403403403403,0.011368477470397043,1.2399777116736799,2913
0.9163363363363363,0.011368477470397043,1.2397168720493226,2913
0.9173323323323322,0.011368477470397043,1.2394565988395487,2913
0.9183283283283282,0.011368477470397043,1.2391968902014039,2913
0.9193243243243242,0.011368477470397043,1.2389377442999159,2913
0.9203203203203203,0.011368477470397043,1.2386791593080562,2913
0.9213163163163163,0.011368477470397043,1.2384211334067006,2913
0.9223123123123123,0.011368477470397043,1.2381636647845786,2913
0.9233083083083082,0.011368477470397043,1.2379067516382363,2913
0.9243043043043042,0.011368477470397043,1.2376503921719963,2913
0.9253003003003002,0.011368477470397043,1.2373945845979062,2913
0.9262962962962962,0.011368477470397043,1.23713932713571,2913
0.9272922922922923,0.011368477470397043,1.2368846180127968,2913
0.9282882882882882,0.011368477470397043,1.2366304554641647,2913
0.9292842842842842,0.011368477470397043,1.236376837732377,2913
0.9302802802802802,0.011368477470397043,1.2361237630675246,2913
0.9312762762762762,0.011368477470397043,1.2358712297271857,2913
0.9322722722722722,0.011368477470397043,1.2356192359763816,2913
0.9332682682682683,0.011368477470397043,1.2353677800875424,2913
0.9342642642642642,0.011368477470397043,1.2351168603404639,2913
0.9352602602602602,0.011368477470397043,1.2348664750222704,2913
0.9362562562562562,0.011368477470397043,1.2346166224273738,2913
0.9372522522522522,0.011368477470397043,1.2343673008574367,2913
0.9382482482482482,0.011368477470397043,1.234118508621333,2913
0.9392442442442441,0.011368477470397043,1.2338702440351093,2913
0.9402402402402402,0.011368477470397043,1.2336225054219494,2913
0.9412362362362362,0.011368477470397043,1.233375291112132,2913
0.9422322322322322,0.011368477470397043,1.2331285994429968,2913
0.9432282282282282,0.011368477470397043,1.2328824287589066,2913
0.9442242242242241,0.011368477470397043,1.2326367774112104,2913
0.9452202202202201,0.011368477470397043,1.2323916437582045,2913
0.9462162162162161,0.011368477470397043,1.2321470261650975,2913
0.9472122122122122,0.011368477470397043,1.231902923003976,2913
0.9482082082082082,0.011368477470397043,1.2316593326537653,2913
0.9492042042042041,0.011368477470397043,1.2314162535001927,2913
0.9502002002002001,0.011368477470397043,1.2311736839357577,2913
0.9511961961961961,0.011368477470397043,1.230931622359689,2913
0.9521921921921921,0.011368477470397043,1.230690067177915,2913
0.9531881881881881,0.011368477470397043,1.2304490168030258,2913
0.9541841841841842,0.011368477470397043,1.2302084696542406,2913
0.9551801801801801,0.011368477470397043,1.2299684241573707,2913
0.9561761761761761,0.011368477470397043,1.2297288787447858,2913
0.9571721721721721,0.011368477470397043,1.2294898318553833,2913
0.9581681681681681,0.011368477470397043,1.2292512819345485,2913
0.9591641641641641,0.011368477470397043,1.2290132274341254,2913
0.96016016016016,0.011368477470397043,1.2287756668123806,2913
0.9611561561561561,0.011368477470397043,1.2285385985339738,2913
0.9621521521521521,0.011368477470397043,1.2283020210699187,2913
0.9631481481481481,0.011368477470397043,1.2280659328975558,2913
0.9641441441441441,0.011368477470397043,1.2278303325005173,2913
0.96514014014014,0.011368477470397043,1.2275952183686933,2913
0.966136136136136,0.011368477470397043,1.2273605889982035,2913
0.9671321321321321,0.011368477470397043,1.2271264428913595,2913
0.9681281281281281,0.011368477470397043,1.2268927785566381,2913
0.9691241241241241,0.011368477470397043,1.226659594508648,2913
0.97012012012012,0.011368477470397043,1.226426889268097,2913
0.971116116116116,0.011368477470397043,1.2261946613617616,2913
0.972112112112112,0.011368477470397043,1.2259629093224553,2913
0.973108108108108,0.011368477470397043,1.225731631689002,2913
0.9741041041041041,0.011368477470397043,1.225500827006197,2913
0.9751001001001001,0.011368477470397043,1.2252704938247836,2913
0.976096096096096,0.011368477470397043,1.2250406307014199,2913
0.977092092092092,0.011368477470397043,1.2248112361986485,2913
0.978088088088088,0.011368477470397043,1.2245823088848695,2913
0.979084084084084,0.011368477470397043,1.2243538473343043,2913
0.98008008008008,0.011368477470397043,1.2241258501269732,2913
0.981076076076076,0.011368477470397043,1.2238983158486616,2913
0.982072072072072,0.011368477470397043,1.2236712430908927,2913
0.983068068068068,0.011368477470397043,1.2234446304508961,2913
0.984064064064064,0.011368477470397043,1.223218476531582,2913
0.98506006006006,0.011368477470397043,1.2229927799415106,2913
0.986056056056056,0.011368477470397043,1.2227675392948638,2913
0.9870520520520519,0.011368477470397043,1.2225427532114181,2913
0.988048048048048,0.011368477470397043,1.2223184203165134,2913
0.989044044044044,0.011368477470397043,1.2220945392410274,2913
0.99004004004004,0.011368477470397043,1.2218711086213492,2913
0.991036036036036,0.011368477470397043,1.221648127099346,2913
0.9920320320320319,0.011368477470397043,1.2214255933223426,2913
0.9930280280280279,0.011368477470397043,1.22120350594309,2913
0.9940240240240239,0.011368477470397043,1.2209818636197372,2913
0.99502002002002,0.011368477470397043,1.2207606650158067,2913
0.996016016016016,0.011368477470397043,1.2205399088001685,2913
0.997012012012012,0.011368477470397043,1.2203195936470086,2913
0.9980080080080079,0.011368477470397043,1.2200997182358089,2913
0.9990040040040039,0.011368477470397043,1.2198802812513145,2913
1.0,0.011368477470397043,1.2196612813835113,2913
