Lambda,Condition,Covariate Condition
0.005,48.24867299587495,91.43097115398837
0.005995995995995996,40.400187275631765,76.40946592890923
0.0069919919919919915,34.787705354359105,65.66753055320984
0.007987987987987989,30.57482731699824,57.604348485484465
0.008983983983983984,27.29605816816276,51.32899174531105
0.009979979979979979,24.671727393679102,46.30618865738879
0.010975975975975976,22.523677351626812,42.19495676371717
0.011971971971971971,20.733036973127664,38.76778435737115
0.012967967967967967,19.21745443695761,35.867055261610226
0.013963963963963964,17.918073280170184,33.38012192933076
0.01495995995995996,16.791711092826304,31.22433595946193
0.015955955955955954,15.805967522159243,29.337685126358743
0.01695195195195195,14.936056824427997,27.672731084390794
0.017947947947947948,14.162695055109214,26.192565583611934
0.01894394394394394,13.47065375708331,24.8680423204311
0.01993993993993994,12.847747106728267,23.675838399305114
0.020935935935935936,12.284108170116875,22.597069132878723
0.021931931931931933,11.771662363709478,21.61628027905788
0.022927927927927926,11.303738153189684,20.72070294320707
0.023923923923923923,10.874774996147169,19.899694598918796
0.02491991991991992,10.480101322205137,19.14431415602161
0.025915915915915914,10.115763708923618,18.44699501406562
0.02691191191191191,9.778393990373656,17.801290716539285
0.027907907907907908,9.46510482201748,17.201675068657046
0.0289039039039039,9.173406837888859,16.643383581442713
0.0298998998998999,8.901142365243437,16.12228660576357
0.030895895895895895,8.646431960318465,15.634787005156577
0.03189189189189189,8.407630962344623,15.17773700295537
0.032887887887887886,8.183293942019864,14.748370138918233
0.03388388388388388,7.972145420075207,14.344245226415323
0.03487987987987988,7.773055602633744,13.963199911440888
0.03587587587587587,7.585020158419797,13.603311967470942
0.03687187187187187,7.407143273558904,13.26286686342223
0.03786786786786786,7.238623380521274,12.940330449753054
0.03886386386386386,7.078741081481377,12.63432584453723
0.039859859859859854,6.926848882263676,12.343613784885939
0.04085585585585585,6.782362427901683,12.067075852362075
0.04185185185185185,6.644752989661062,11.803700093617758
0.04284784784784784,6.5135409998952225,11.552568646516944
0.043843843843843835,6.388290468109002,11.312847052834666
0.044839839839839836,6.268604141214762,11.083774995293187
0.04583583583583583,6.1541192947837144,10.864658242283419
0.04683183183183182,6.044504061354569,10.654861620480022
0.047827827827827823,5.939454217511597,10.453802865511886
0.04882382382382382,5.838690364220267,10.260947225303102
0.04981981981981981,5.741955445386722,10.075802710752628
0.05081581581581581,5.649012558236398,9.897915904937609
0.051811811811811805,5.559643016243592,9.72686825568311
0.0528078078078078,5.47364463126896,9.562272787681888
0.0538038038038038,5.390830186499576,9.40377117979829
0.05479979979979979,5.311026075916463,9.251031161095225
0.05579579579579579,5.23407108948117,9.103744185758133
0.056791791791791786,5.159815326152414,8.961623352677497
0.05778778778778778,5.088119219310229,8.824401540172488
0.05878378378378378,5.018852661255856,8.691829730338995
0.059779779779779774,4.95189421523228,8.563675500906864
0.06077577577577577,4.887130404925415,8.43972166539007
0.06177177177177177,4.824455072700982,8.319765044792717
0.06276776776776777,4.763768798942122,8.203615356258
0.06376376376376376,4.704978375807133,8.091094205873752
0.06475975975975976,4.647996329548252,7.982034174420876
0.06575575575575575,4.59274048624292,7.876277986210349
0.06675175175175174,4.539133576403021,7.773677752330474
0.06774774774774775,4.487102874461294,7.674094280646545
0.06874374374374374,4.436579869597566,7.5773964457831555
0.06973973973973974,4.387499964771857,7.483460613092558
0.07073573573573573,4.339802201184,7.392170111287884
0.07173173173173174,4.293429005688698,7.30341474901143
0.07272772772772773,4.2483259589651095,7.217090371125978
0.07372372372372372,4.204441582478501,7.13309845097295
0.07471971971971972,4.161727142480385,7.051345715240911
0.07571571571571571,4.120136469478209,6.971743798442067
0.0767117117117117,4.079625791768664,6.8942089243056
0.07770770770770771,4.040153581772894,6.818661611672777
0.0787037037037037,4.001680414039391,6.745026402723791
0.0796996996996997,3.9641688338940373,6.673231611581987
0.0806956956956957,3.9275832358174005,6.603209091535793
0.08169169169169169,3.891889750719003,6.53489401928879
0.08268768768768768,3.85705614135848,6.468224694802469
0.08368368368368369,3.823051705234923,6.403142355432511
0.08467967967967968,3.789847184329384,6.339591003181724
0.08567567567567567,3.7574146811430365,6.277517244002313
0.08667167167167167,3.725727580524406,6.216870138178185
0.08766766766766766,3.6947604768253375,6.157601060906125
0.08866366366366366,3.6644891059667626,6.099663572273868
0.08965965965965966,3.6348902820323143,6.043013295904414
0.09065565565565566,3.6059418380417263,5.987607805599936
0.09165165165165165,3.5776225705859552,5.933406519377016
0.09264764764764764,3.549912188033478,5.88037060033664
0.09364364364364364,3.522791262041844,5.828462863860587
0.09463963963963963,3.4962411821310324,5.777647690667495
0.09563563563563564,3.470244113095356,5.727890945302049
0.09663163163163163,3.444782955049162,5.679159899664971
0.09762762762762763,3.419841305918178,5.631423161223815
0.09862362362362362,3.3954034262036985,5.5846506055737954
0.09961961961961961,3.371454205860406,5.538813313044198
0.1006156156156156,3.3479791331415787,5.493883509069868
0.10161161161161161,3.3249642652764715,5.449834508069723
0.1026076076076076,3.302396200855506,5.406640660593708
0.1036036036036036,3.280262053808347,5.364277303518437
0.1045995995995996,3.258549428868607,5.3227207130882705
0.10559559559559559,3.237246398427124,5.281948060613876
0.1065915915915916,3.21634148068292,5.24193737065463
0.10758758758758759,3.1958236190077867,5.202667481523617
0.10858358358358358,3.1756821624465035,5.1641180079664295
0.10957957957957958,3.155906847280571,5.1262693058752005
0.11057557557557557,3.1364877795882533,5.089102438909682
0.11157157157157156,3.1174154187387533,5.052599146906135
0.11256756756756757,3.098680561762652,5.016741815963344
0.11356356356356356,3.0802743285448186,4.981513450102762
0.11455955955955956,3.0621881477897155,4.94689764440699
0.11555555555555555,3.044413743712502,4.9128785595474636
0.11655155155155154,3.0269431234125683,4.879440897618059
0.11754754754754754,3.0097685648889296,4.846569879197468
0.11854354354354354,2.9928826056598314,4.81425122156773
0.11953953953953954,2.976278031951249,4.782471118021758
0.12053553553553553,2.959947868421414,4.751216218196722
0.12153153153153153,2.9438853683906254,4.720473609374502
0.12252752752752752,2.9280840045475376,4.690230798694157
0.12352352352352351,2.9125374601051175,4.660475696224946
0.12451951951951952,2.897239620381012,4.631196598851705
0.1255155155155155,2.882184564778817,4.602382174927492
0.1265115115115115,2.867366559148083,4.5740214496511316
0.1275075075075075,2.8527800485024324,4.546103791130154
0.12850350350350348,2.8384196500763004,4.518618897091792
0.1294994994994995,2.824280146702058,4.491556782207298
0.1304954954954955,2.810356480490474,4.464907765996691
0.13149149149149147,2.7966437467983556,4.43866246128318
0.13248748748748748,2.783137188468278,4.412811763168436
0.1334834834834835,2.769832190326221,4.387346838501374
0.13447947947947947,2.7567242739237017,4.362259115814942
0.13547547547547548,2.74380909251185,4.337540275706808
0.13647147147147146,2.7310824262355524,4.313182241641237
0.13746746746746746,2.718540177536521,4.2891771711509366
0.13846346346346347,2.7061783667547643,4.265517447418459
0.13945945945945945,2.6939931279185463,4.24219567121848
0.14045545545545546,2.681980704713441,4.21920465320285
0.14145145145145144,2.6701374466217387,4.196537406511627
0.14244744744744745,2.658459805223752,4.174187139694025
0.14344344344344342,2.646944330653247,4.152147249924345
0.14443943943943943,2.635587668199533,4.130411316498555
0.14543543543543544,2.624386555049138,4.108973094598102
0.14643143143143142,2.6133378171605033,4.087826509308262
0.14742742742742743,2.6024383662653126,4.06696564987886
0.1484234234234234,2.5916851969906163,4.04638476421621
0.1494194194194194,2.581075384095992,4.02607825359522
0.15041541541541542,2.5706060798205246,4.0060406675816616
0.1514114114114114,2.560274511334461,3.9862666991548257
0.1524074074074074,2.5500779782908105,3.966751180021398
0.1534034034034034,2.5400138504723047,3.9474890761119603
0.1543993993993994,2.5300795655294617,3.928475483251699
0.15539539539539537,2.5202726268055895,3.90970562299767
0.15639139139139138,2.5105906012449553,3.8911748386351195
0.1573873873873874,2.501031117380326,3.8728785913258212
0.15838338338338337,2.4915918633964855,3.8548124564016955
0.15937937937937938,2.482270585266342,3.8369721197975
0.16037537537537536,2.4730650849564775,3.8193533746163495
0.16137137137137136,2.4639732186991816,3.8019521178224602
0.16236736736736737,2.454992895328047,3.784764347055629
0.16336336336336335,2.4461220746744763,3.7677861575622438
0.16435935935935936,2.4373587660224767,3.751013739237849
0.16535535535535534,2.4287010266193128,3.734443373776609
0.16635135135135135,2.420146960239647,3.718071431923207
0.16734734734734735,2.4116947158009645,3.7018943708228167
0.16834334334334333,2.4033424860281416,3.6859087314651857
0.16933933933933934,2.395088506165146,3.670111136218939
0.17033533533533532,2.3869310527319425,3.6544982864523194
0.17133133133133133,2.3788684423247375,3.63906696023696
0.1723273273273273,2.370899030457852,3.623814010131325
0.17332332332332331,2.3630212104455013,3.608736361040472
0.17431931931931932,2.355233412321938,3.5938310081492917
0.1753153153153153,2.347534101798374,3.5790950149261054
0.1763113113113113,2.339921779255281,3.5645255111940233
0.1773073073073073,2.3323949787686384,3.550119691267198
0.1783033033033033,2.324952267168826,3.535874812149669
0.1792992992992993,2.3175922431308806,3.5217881917940943
0.18029529529529528,2.3103135362949105,3.507857207418362
0.1812912912912913,2.303114806415496,3.4940792938775243
0.18228728728728727,2.2959947425389853,3.480451942089224
0.18328328328328328,2.2889520622075987,3.4669726975104243
0.18427927927927926,2.281985510689369,3.4536391586635045
0.18527527527527526,2.27509386023289,3.440448975709973
0.18627127127127127,2.2682759093460008,3.4273998490698254
0.18726726726726725,2.2615304820974638,3.414489528085087
0.18826326326326326,2.2548564274408354,3.401715809725686
0.18925925925925924,2.2482526185596625,3.389076537336217
0.19025525525525525,2.2417179522332575,3.376569599422086
0.19125125125125125,2.2352513482222944,3.3641929284735648
0.19224724724724723,2.228851748673492,3.351944499826395
0.19324324324324324,2.22251811754272,3.339822330557668
0.19423923923923922,2.2162494400358406,3.327824478415616
0.19523523523523523,2.2100447220666877,3.3159490407821903
0.1962312312312312,2.2039029897315108,3.3041941536672454
0.19722722722722721,2.197823288799402,3.292557990733177
0.19822322322322322,2.1918046842180217,3.2810387623489916
0.1992192192192192,2.1858462596342094,3.2696347146726867
0.2002152152152152,2.1799471169288576,3.2583441287611343
0.2012112112112112,2.174106375765628,3.247165319706276
0.2022072072072072,2.1683231731530044,3.2360966357969265
0.2032032032032032,2.162596663019183,3.2251364577052137
0.20419919919919918,2.156926015799479,3.2142831976967994
0.2051951951951952,2.151310418035678,3.2035352988641312
0.20619119119119117,2.145749071987047,3.1928912343819134
0.20718718718718718,2.140241195252531,3.182349506784032
0.20818318318318318,2.13478602040382,3.171908647261248
0.20917917917917916,2.129382794628891,3.1615672149789846
0.21017517517517517,2.124030779385673,3.151323796414445
0.21117117117117115,2.1187292500655364,3.1411770047125427
0.21216716716716716,2.1134774956662317,3.131125479059981
0.21316316316316314,2.1082748184740425,3.1211678840768187
0.21415915915915915,2.103120533754735,3.111302909225074
0.21515515515515515,2.0980139694531745,3.1015292682337297
0.21615115115115113,2.0929544659011867,3.091845698539646
0.21714714714714714,2.087941375533487,3.0822509607438247
0.21814314314314312,2.0829740626113775,3.07274383808264
0.21913913913913913,2.0780519029539977,3.063323135913387
0.22013513513513513,2.0731742836768428,3.053987681213914
0.22113113113113111,2.068340602937374,3.0447363220956896
0.22212712712712712,2.0635502696874664,3.0355679273299754
0.2231231231231231,2.058802703432471,3.026481385886763
0.2241191191191191,2.0540973339967294,3.0174756064858905
0.2251151151151151,2.0494336012952834,3.008549517160206
0.2261111111111111,2.044810955111649,2.9997020648301507
0.2271071071071071,2.040228854881401,2.9909322148896273
0.22810310310310308,2.035686769481465,2.982238950802671
0.2290990990990991,2.031184177024879,2.9736212737106595
0.23009509509509507,2.026720564660905,2.96507820204972
0.23109109109109108,2.0222954283802865,2.9566087711780193
0.23208708708708709,2.017908272825543,2.9482120330126937
0.23308308308308306,2.013558611106115,2.939887055676007
0.23407907907907907,2.0092459646182315,2.931632923150629
0.23507507507507505,2.004969862869362,2.9234487349436122
0.23607107107107106,2.0007298433071043,2.9153336057589367
0.23706706706706707,1.9965254511523873,2.907286665178225
0.23806306306306305,1.9923562392368706,2.899307057349557
0.23905905905905905,1.9882217678443872,2.891393940684024
0.24005505505505503,1.9841216045563603,2.88354648755982
0.24105105105105104,1.980055324101033,2.8757638840337143
0.24204704704704702,1.976022508206428,2.8680453295595996
0.24304304304304303,1.9720227454569201,2.860390036713996
0.24403903903903904,1.9680556311533246,2.852797230928274
0.24503503503503501,1.964120767176389,2.8452661502273706
0.24603103103103102,1.960217761853618,2.83779604497491
0.247027027027027,1.9563462298292933,2.830386177624437
0.248023023023023,1.9525057919376632,2.823035822476675
0.24901901901901902,1.9486960750791318,2.8157442654426115
0.250015015015015,1.9449167120994366,2.8085108038122173
0.251011011011011,1.9411673416717012,2.8013347460287057
0.25200700700700696,1.9374476081812657,2.7942154114681297
0.253003003003003,1.9337571616132607,2.7871521302241695
0.25399899899899897,1.9300956574428287,2.7801442428980243
0.25499499499499495,1.926462756527862,2.773191100393179
0.255990990990991,1.9228581250043386,2.766292063715009
0.25698698698698696,1.9192814341840074,2.7594465037750098
0.25798298298298294,1.9157323604544987,2.7526538011995703
0.258978978978979,1.9122105851817028,2.7459133461431597
0.25997497497497496,1.9087157946144202,2.739224538105844
0.26097097097097094,1.9052476797911777,2.7325867857548958
0.261966966966967,1.9018059364491742,2.725999506750574
0.26296296296296295,1.8983902649353017,2.719462127575789
0.26395895895895893,1.8950003701191744,2.7129740833696445
0.2649549549549549,1.8916359613081242,2.7065348177647777
0.26595095095095095,1.8882967521640963,2.7001437827282664
0.26694694694694693,1.884982460622426,2.6938004384061762
0.2679429429429429,1.881692808812396,2.6875042529715434
0.26893893893893894,1.878427522979595,2.681254702475747
0.2699349349349349,1.8751863334099583,2.6750512707031278
0.2709309309309309,1.8719689743555195,2.6688934490288867
0.27192692692692694,1.8687751839617615,2.662780736280054
0.2729229229229229,1.8656047041965889,2.6567126385995183
0.2739189189189189,1.862457280780818,2.65068866931301
0.2749149149149149,1.8593326631202045,2.644708348799005
0.2759109109109109,1.8562306042389345,2.6387712043614138
0.2769069069069069,1.8531508607145442,2.6328767701050464
0.27790290290290287,1.8500931926142423,2.627024586813718
0.2788988988988989,1.8470573634326093,2.62121420183102
0.2798948948948949,1.8440431400306057,2.6154451689435803
0.28089089089089087,1.8410502925758911,2.609717048266841
0.28188688688688684,1.838078594484416,2.6040294061332667
0.2828828828828829,1.8351278223632237,2.5983818149828695
0.28387887887887886,1.832197755954474,2.592773853256082
0.28487487487487484,1.8292881780806463,2.587205105288869
0.2858708708708709,1.8263988745908657,2.5816751612100033
0.28686686686686685,1.8235296343083724,2.5761836168405265
0.28786286286286283,1.8206802489790614,2.5707300735952683
0.2888588588588588,1.8178505132211038,2.5653141383863822
0.28985485485485485,1.815040224475587,2.5599354235289433
0.29085085085085083,1.8122491829581933,2.5545935466484013
0.2918468468468468,1.8094771916118453,2.549288130589971
0.29284284284284284,1.8067240560603315,2.5440188033298923
0.2938388388388388,1.8039895845628713,2.538785197888429
0.2948348348348348,1.8012735879695994,2.533586952244716
0.29583083083083084,1.7985758796779494,2.528423709253248
0.2968268268268268,1.795896275589923,2.5232951165620974
0.2978228228228228,1.7932345940702012,2.518200826532756
0.2988188188188188,1.7905906559051075,2.5131404961615926
0.2998148148148148,1.7879642842623855,2.5081137870028507
0.3008108108108108,1.785355304651773,2.503120365093204
0.30180680680680677,1.7827635448863497,2.498159900877792
0.3028028028028028,1.7801888350446717,2.4932320691377137
0.3037987987987988,1.777631007433624,2.488336548918957
0.30479479479479477,1.7750898965520112,2.4834730234627025
0.30579079079079075,1.7725653390548655,2.4786411801370276
0.3067867867867868,1.770057173718444,2.4738407103698745
0.30778278278278276,1.767565241405907,2.4690713095834074
0.30877877877877874,1.7650893850336626,2.464332677129572
0.3097747747747748,1.7626294495383517,2.459624516226903
0.31077077077077075,1.7601852818444828,2.4549465338985987
0.31176676676676673,1.7577567308326714,2.450298440911716
0.31276276276276277,1.7553436473084991,2.445679951717585
0.31375875875875875,1.7529458839719627,2.4410907843933023
0.31475475475475473,1.7505632953874897,2.436530660584401
0.3157507507507507,1.7481957379545487,2.4319993054485387
0.31674674674674674,1.7458430698787817,2.427496447600285
0.3177427427427427,1.743505151143711,2.4230218190569692
0.3187387387387387,1.7411818434829536,2.418575155185475
0.31973473473473474,1.7388730103529588,2.4141561946500882
0.3207307307307307,1.7365785169062717,2.4097646793613134
0.3217267267267267,1.73429822996527,2.4054003544255953
0.3227227227227227,1.7320320179963895,2.4010629680960256
0.3237187187187187,1.729779751084846,2.3967522717239236
0.3247147147147147,1.7275413009098035,2.3924680197113304
0.32571071071071067,1.7253165407200046,2.388209969464352
0.3267067067067067,1.7231053453098402,2.383977881347381
0.3277027027027027,1.7209075909958682,2.3797715186381314
0.32869869869869867,1.7187231555937468,2.3755906474835053
0.3296946946946947,1.7165519183955937,2.37143503685625
0.3306906906906907,1.714393760147749,2.3673044585124052
0.33168668668668666,1.7122485630289457,2.363198686949522
0.33268268268268264,1.7101162106288583,2.359117499365604
0.3336786786786787,1.7079965879270604,2.355060675618828
0.33467467467467465,1.705889581272331,2.3510279981879503
0.33567067067067063,1.7037950783623383,2.3470192521334146
0.33666666666666667,1.7017129682237064,2.3430342250591933
0.33766266266266265,1.6996431411923891,2.339072707075249
0.33865865865865863,1.697585488894441,2.335134490760697
0.3396546546546546,1.6955399042270767,2.331219371127591
0.34065065065065064,1.693506281340112,2.3273271455853735
0.3416466466466466,1.6914845156176939,2.3234576139059153
0.3426426426426426,1.6894745036603545,2.3196105781891867
0.34363863863863864,1.6874761432674001,2.3157858428295133
0.3446346346346346,1.68548933341957,2.31198321448244
0.3456306306306306,1.6835139742620322,2.308202502032114
0.3466266266266266,1.68154996708764,2.3044435165593122
0.3476226226226226,1.6795972143204925,2.3007060713099365
0.3486186186186186,1.6776556194997854,2.296989981664107
0.34961461461461457,1.6757250872639151,2.293295065105747
0.3506106106106106,1.6738055233348712,2.2896211411927108
0.3516066066066066,1.6718968345028906,2.285968031527405
0.35260260260260257,1.669998928611364,2.2823355597279176
0.3535985985985986,1.6681117145420132,2.278723551399619
0.3545945945945946,1.666235102200296,2.275131834107267
0.35559059059059056,1.6643690025010849,2.2715602373475545
0.35658658658658654,1.662513327354552,2.2680085925221323
0.3575825825825826,1.660667989652323,2.2644767329110733
0.35857857857857856,1.6588329032538387,2.2609644936468034
0.35957457457457453,1.6570079829729505,2.2574717116884284
0.36057057057057057,1.6551931445647465,2.2539982257965043
0.36156656656656655,1.653388304712575,2.2505438765082415
0.36256256256256253,1.651593381015306,2.2471085061130824
0.3635585585585585,1.6498082919747845,2.2436919586287227
0.36455455455455454,1.6480329569834964,2.2402940797774766
0.3655505505505505,1.6462672963124356,2.2369147169630708
0.3665465465465465,1.6445112310991719,2.2335537192477988
0.36754254254254254,1.6427646833360954,2.2302109373300416
0.3685385385385385,1.64102757585889,2.2268862235221736
0.3695345345345345,1.6392998323351466,2.2235794317287887
0.37053053053053053,1.6375813772531902,2.220290417425326
0.3715265265265265,1.6358721359110822,2.2170190376369923
0.3725225225225225,1.634172034405788,2.2137651509180665
0.37351851851851847,1.6324809996225322,2.2105286173314904
0.3745145145145145,1.6307989592243162,2.207309298428818
0.3755105105105105,1.6291258416415977,2.204107057230486
0.37650650650650647,1.6274615760621496,2.2009217582063654
0.3775025025025025,1.6258060924210558,2.1977532672566364
0.3784984984984985,1.6241593213908976,2.1946014516930044
0.37949449449449446,1.6225211943720517,2.1914661802201403
0.38049049049049044,1.6208916434831908,2.1883473229174677
0.3814864864864865,1.6192706015518818,2.185244751221208
0.38248248248248246,1.617658002105376,2.182158337906724
0.38347847847847844,1.6160537793615108,2.1790879570711175
0.38447447447447447,1.614457868219772,2.1760334841161164
0.38547047047047045,1.61287020425248,2.172994795731225
0.38646646646646643,1.611290723696123,2.169971769877121
0.3874624624624624,1.6097193634428286,2.166964285769319
0.38845845845845844,1.6081560610319423,2.163972223862083
0.3894544544544544,1.6066007546417667,2.160995465832595
0.3904504504504504,1.6050533830814027,2.158033894565346
0.39144644644644644,1.6035138857827274,2.1550873941367796
0.3924424424424424,1.6019822027924935,2.1521558498001747
0.3934384384384384,1.6004582747645413,2.1492391479707407
0.39443443443443443,1.5989420429521404,2.14633717621094
0.3954304304304304,1.5974334492004347,2.1434498232160664
0.3964264264264264,1.595932435939009,2.1405769787999875
0.3974224224224224,1.5944389461745665,2.137718533881138
0.3984184184184184,1.592952923483717,2.134874380468717
0.3994144144144144,1.5914743120058645,2.132044411649084
0.40041041041041037,1.5900030564362182,2.129228521572359
0.4014064064064064,1.588539102018884,2.1264266054392293
0.4024024024024024,1.5870823945400827,2.123638559487957
0.40339839839839836,1.585632880321453,2.120864280981547
0.40439439439439434,1.5841905062134571,2.118103668195153
0.4053903903903904,1.5827552195888872,2.1153566204036194
0.40638638638638636,1.5813269683364588,2.1126230378692505
0.40738238238238234,1.5799057008545143,2.109902821829738
0.40837837837837837,1.5784913660447975,2.107195874486259
0.40937437437437435,1.5770839133063366,2.104502098991745
0.41037037037037033,1.5756832925294064,2.101821399439357
0.41136636636636636,1.5742894540895844,2.0991536808510878
0.41236236236236234,1.5729023488418856,2.096498849166546
0.4133583583583583,1.5715219281149881,2.093856811231904
0.4143543543543543,1.5701481437055447,2.0912274747890005
0.41535035035035034,1.5687809478725636,2.0886107484646024
0.4163463463463463,1.5674202933318848,2.086006541759812
0.4173423423423423,1.566066133250728,2.08341476503966
0.41833833833833833,1.564718421242315,2.080835329522778
0.4193343343343343,1.5633771113605786,2.078268147271307
0.4203303303303303,1.5620421580949373,2.075713131180869
0.4213263263263263,1.5607135163651498,2.0731701949707393
0.4223223223223223,1.5593911415162394,2.0706392531741127
0.4233183183183183,1.5580749893134926,2.0681202211285536
0.42431431431431427,1.5567650159375235,2.0656130149665244
0.4253103103103103,1.555461177979416,2.063117551606104
0.4263063063063063,1.5541634324359257,2.060633748741802
0.42730230230230226,1.5528717367047495,2.058161524835511
0.4282982982982983,1.5515860485798654,2.0557007991075755
0.4292942942942943,1.5503063262469416,2.053251491528008
0.43029029029029026,1.5490325282787907,2.0508135228077955
0.43128628628628624,1.547764613630917,2.0483868143903603
0.43228228228228227,1.5465025416370848,2.045971288443114
0.43327827827827825,1.5452462720049938,2.043566867849135
0.43427427427427423,1.5439957648119782,2.041173476198967
0.43527027027027027,1.5427509805007729,2.038791037782513
0.43626626626626624,1.5415118798753662,2.036419477581074
0.4372622622622622,1.5402784240968517,2.0340587212594503
0.4382582582582582,1.5390505746793959,2.031708695158191
0.43925425425425424,1.5378282934862277,2.029369326285929
0.4402502502502502,1.5366115427256886,2.0270405423118136
0.4412462462462462,1.5354002849473367,2.024722271558079
0.44224224224224223,1.534194483038109,2.022414442992664
0.4432382382382382,1.5329941002185246,2.0201169862219754
0.4442342342342342,1.5317991000389533,2.0178298314837155
0.4452302302302302,1.5306094463759174,2.015552909639845
0.4462262262262262,1.5294251034284574,2.013286152169588
0.4472222222222222,1.5282460357145375,2.0110294911625735
0.44821821821821817,1.5270722080675074,2.0087828593120536
0.4492142142142142,1.5259035856325966,2.0065461899082115
0.4502102102102102,1.524740133863476,2.0043194168315543
0.45120620620620616,1.5235818185188439,2.0021024745463936
0.4522022022022022,1.5224286056590728,1.999895298094431
0.4531981981981982,1.5212804616428905,1.9976978230884028
0.45419419419419416,1.5201373531241127,1.9955099857058203
0.45519019019019014,1.51899924704841,1.9933317226827887
0.45618618618618617,1.5178661106501279,1.9911629713079202
0.45718218218218215,1.5167379114491368,1.9890036694162991
0.45817817817817813,1.5156146172477296,1.9868537553835504
0.45917417417417417,1.5144961961275627,1.9847131681199837
0.46017017017017015,1.5133826164466253,1.9825818470647993
0.4611661661661661,1.512273846836266,1.9804597321803739
0.4621621621621621,1.511169856198235,1.9783467639466292
0.46315815815815814,1.510070613701787,1.9762428833554702
0.4641541541541541,1.5089760887808044,1.9741480319052784
0.4651501501501501,1.507886251130969,1.9720621515955088
0.46614614614614613,1.5068010707069601,1.9699851849213206
0.4671421421421421,1.5057205177196997,1.9679170748682913
0.4681381381381381,1.5046445626336173,1.9658577649072173
0.46913413413413413,1.5035731761639686,1.9638071989889545
0.4701301301301301,1.5025063292741712,1.9617653215393247
0.4711261261261261,1.5014439931731987,1.959732077454101
0.47212212212212207,1.500386139312953,1.9577074120940523
0.4731181181181181,1.499332739385746,1.9556912712800494
0.4741141141141141,1.4982837653217607,1.9536836012882342
0.47511011011011006,1.4972391892865469,1.9516843488452376
0.4761061061061061,1.496198983678581,1.949693461123478
0.4771021021021021,1.4951631211268082,1.947710885736498
0.47809809809809806,1.4941315744882682,1.9457365707343894
0.47909409409409404,1.4931043168457079,1.9437704645992264
0.48009009009009007,1.4920813215052446,1.9418125162406084
0.48108608608608605,1.4910625619940525,1.9398626749912289
0.48208208208208203,1.490048012058085,1.937920890602491
0.48307807807807807,1.489037645659809,1.9359871132402093
0.48407407407407405,1.4880314369759842,1.9340612934803438
0.48507007007007,1.4870293603954683,1.9321433823047747
0.48606606606606606,1.4860313905170286,1.930233331097159
0.48706206206206204,1.485037502147212,1.9283310916388212
0.488058058058058,1.4840476702982164,1.9264366161046795
0.489054054054054,1.483061870185791,1.9245498570592618
0.49005005005005003,1.4820800772271894,1.9226707674527306
0.491046046046046,1.481102267039096,1.9207993006169726
0.492042042042042,1.4801284154356307,1.9189354102617409
0.49303803803803803,1.4791584984263457,1.9170790504708366
0.494034034034034,1.4781924922142582,1.9152301756983396
0.49503003003003,1.4772303731939,1.9133887407648766
0.49602602602602597,1.4762721179494,1.9115547008539506
0.497022022022022,1.4753177032525793,1.9097280115083024
0.498018018018018,1.4743671060610761,1.907908628626305
0.49901401401401396,1.4734203035164966,1.9060965084584391
0.50001001001001,1.4724772729425761,1.9042916076037721
0.501006006006006,1.4715379918433704,1.902493883006482
0.502002002002002,1.4706024379014693,1.9007032919524605
0.5029979979979979,1.4696705889762214,1.8989197920659089
0.5039939939939939,1.468742423102,1.897143341306004
0.5049899899899899,1.4678179184864673,1.8953738979635844
0.505985985985986,1.4668970535088723,1.8936114206579087
0.506981981981982,1.4659798067183665,1.8918558683334008
0.507977977977978,1.4650661568323329,1.8901072002564852
0.5089739739739739,1.464156082734747,1.8883653760124286
0.5099699699699699,1.4632495634745457,1.8866303555022157
0.5109659659659659,1.4623465782640235,1.8849020989394927
0.511961961961962,1.4614471064772334,1.8831805668475092
0.512957957957958,1.4605511276484309,1.881465720056122
0.5139539539539539,1.45965862147051,1.8797575196988163
0.5149499499499499,1.458769567793477,1.8780559272097737
0.5159459459459459,1.4578839466229299,1.8763609043209746
0.5169419419419419,1.4570017381185567,1.8746724130593215
0.5179379379379379,1.4561229225926593,1.8729904157438038
0.5189339339339339,1.4552474805086897,1.8713148749827042
0.5199299299299299,1.454375392479796,1.869645753670817
0.5209259259259259,1.453506639267397,1.867983014986712
0.5219219219219219,1.4526412017797619,1.8663266223900252
0.5229179179179179,1.451779061070619,1.8646765396187917
0.5239139139139138,1.4509201983377678,1.8630327306867898
0.5249099099099098,1.450064594921713,1.861395159880926
0.5259059059059059,1.4492122323043153,1.8597637917586485
0.5269019019019019,1.4483630921074493,1.8581385911453983
0.5278978978978979,1.4475171560916946,1.8565195231320677
0.5288938938938939,1.4466744061550156,1.8549065530725164
0.5298898898898898,1.4458348243314807,1.8532996465810794
0.5308858858858858,1.44499839278998,1.851698769530144
0.5318818818818818,1.4441650938329689,1.850103888047727
0.5328778778778779,1.44333490989521,1.84851496851508
0.5338738738738739,1.4425078235425484,1.8469319775643296
0.5348698698698698,1.4416838174706865,1.8453548820761474
0.5358658658658658,1.4408628745039844,1.8437836491774404
0.5368618618618618,1.4400449775942488,1.84221824623905
0.5378578578578578,1.4392301098195732,1.8406586408735188
0.5388538538538539,1.4384182543831592,1.8391048009328337
0.5398498498498498,1.4376093946121653,1.8375566945062414
0.5408458458458458,1.4368035139565696,1.8360142899180254
0.5418418418418418,1.4360005959880313,1.8344775557254025
0.5428378378378378,1.4352006243987825,1.8329464607163253
0.5438338338338338,1.434403583000524,1.831420973907415
0.5448298298298297,1.4336094557233285,1.8299010645418465
0.5458258258258258,1.4328182266145633,1.828386702087292
0.5468218218218218,1.4320298798378206,1.8268778562338743
0.5478178178178178,1.4312443996718656,1.8253744968921355
0.5488138138138138,1.4304617705095877,1.8238765941910566
0.5498098098098098,1.4296819768569633,1.8223841184760572
0.5508058058058057,1.4289050033320403,1.8208970403070561
0.5518018018018017,1.4281308346639243,1.8194153304565244
0.5527977977977978,1.4273594556917764,1.8179389599075748
0.5537937937937938,1.4265908513638232,1.8164678998520687
0.5547897897897898,1.42582500673638,1.8150021216887402
0.5557857857857857,1.4250619069728825,1.8135415970213413
0.5567817817817817,1.4243015373429273,1.81208629765681
0.5577777777777777,1.4235438832213239,1.8106361956034593
0.5587737737737737,1.4227889300871557,1.809191263069174
0.5597697697697698,1.4220366635228578,1.8077514724596484
0.5607657657657658,1.421287069213294,1.806316796376611
0.5617617617617617,1.4205401329448488,1.8048872076161064
0.5627577577577577,1.4197958406045323,1.8034626791667638
0.5637537537537537,1.4190541781790895,1.8020431842080977
0.5647497497497497,1.4183151317541172,1.8006286961088296
0.5657457457457457,1.417578687513204,1.7992191884252093
0.5667417417417417,1.416844831737056,1.7978146348993864
0.5677377377377377,1.4161135508026574,1.7964150094577622
0.5687337337337337,1.415384831182419,1.7950202862093918
0.5697297297297297,1.4146586594433452,1.7936304394443732
0.5707257257257257,1.4139350222462126,1.7922454436322741
0.5717217217217216,1.4132139063447526,1.7908652734205712
0.5727177177177176,1.4124952985848351,1.7894899036331002
0.5737137137137137,1.4117791859036806,1.7881193092685181
0.5747097097097097,1.4110655553290605,1.7867534654988109
0.5757057057057057,1.4103543939785184,1.7853923476677613
0.5767017017017017,1.4096456890585911,1.784035931289494
0.5776976976976976,1.4089394278640408,1.782684192046992
0.5786936936936936,1.4082355977771024,1.7813371057906473
0.5796896896896897,1.4075341862667299,1.7799946485368223
0.5806856856856857,1.4068351808878392,1.7786567964664317
0.5816816816816817,1.4061385692805977,1.7773235259235238
0.5826776776776776,1.4054443391696712,1.7759948134138943
0.5836736736736736,1.4047524783635201,1.774670635603696
0.5846696696696696,1.4040629747536733,1.7733509693180953
0.5856656656656656,1.4033758163140326,1.7720357915398914
0.5866616616616617,1.4026909911001628,1.7707250794081972
0.5876576576576577,1.4020084872486125,1.76941881021711
0.5886536536536536,1.4013282929762136,1.768116961414401
0.5896496496496496,1.4006503965794181,1.766819510600211
0.5906456456456456,1.3999747864336136,1.765526435525771
0.5916416416416416,1.399301450992472,1.7642377140921404
0.5926376376376375,1.3986303787872787,1.7629533243489273
0.5936336336336336,1.3979615584262925,1.7616732444930512
0.5946296296296296,1.3972949785940951,1.7603974528675237
0.5956256256256256,1.3966306280509506,1.7591259279602018
0.5966216216216216,1.395968495632182,1.7578586484025982
0.5976176176176176,1.3953085702475378,1.756595592968676
0.5986136136136135,1.3946508408805773,1.7553367405736624
0.5996096096096095,1.3939952965880575,1.7540820702728814
0.6006056056056056,1.3933419264993236,1.7528315612605896
0.6016016016016016,1.3926907198157066,1.7515851928688162
0.6025975975975976,1.3920416658099397,1.7503429445662497
0.6035935935935935,1.3913947538255504,1.7491047959570811
0.6045895895895895,1.3907499732762936,1.7478707267799032
0.6055855855855855,1.390107313645568,1.7466407169066085
0.6065815815815815,1.3894667644858434,1.745414746341282
0.6075775775775776,1.3888283154180974,1.744192795219137
0.6085735735735736,1.3881919561312515,1.7429748438054151
0.6095695695695695,1.3875576763816173,1.7417608724943499
0.6105655655655655,1.3869254659923493,1.7405508618081003
0.6115615615615615,1.3862953148528965,1.739344792395709
0.6125575575575575,1.3856672129184646,1.7381426450320838
0.6135535535535536,1.385041150209487,1.7369444006169594
0.6145495495495495,1.384417116811089,1.7357500401738934
0.6155455455455455,1.3837951028725692,1.7345595448492659
0.6165415415415415,1.38317509860688,1.7333728959112888
0.6175375375375375,1.3825570942901129,1.7321900747490104
0.6185335335335335,1.3819410802609866,1.7310110628713644
0.6195295295295294,1.3813270469203636,1.7298358419061899
0.6205255255255255,1.3807149847307176,1.7286643935992747
0.6215215215215215,1.3801048842156682,1.7274966998134313
0.6225175175175175,1.3794967359594799,1.7263327425275308
0.6235135135135135,1.3788905306065817,1.725172503835603
0.6245095095095095,1.3782862588610831,1.724015965945903
0.6255055055055054,1.3776839114863009,1.7228631111800021
0.6265015015015014,1.377083479304289,1.7217139219718944
0.6274974974974975,1.3764849531953756,1.7205683808671008
0.6284934934934935,1.3758883240976927,1.7194264705217834
0.6294894894894895,1.3752935830067248,1.7182881737018725
0.6304854854854854,1.374700720974863,1.717153473282199
0.6314814814814814,1.3741097291109379,1.7160223522456346
0.6324774774774774,1.3735205985797887,1.7148947936822467
0.6334734734734734,1.372933320601827,1.713770780788445
0.6344694694694695,1.3723478864525818,1.7126502968661554
0.6354654654654655,1.3717642874622893,1.7115333253219913
0.6364614614614614,1.3711825150154482,1.7104198496664356
0.6374574574574574,1.3706025605504069,1.7093098535130171
0.6384534534534534,1.3700244155589316,1.7082033205775347
0.6394494494494494,1.3694480715858137,1.7071002346772286
0.6404454454454453,1.3688735202284235,1.706000579730011
0.6414414414414414,1.3683007531363272,1.7049043397536836
0.6424374374374374,1.3677297620108766,1.703811498865151
0.6434334334334334,1.3671605386048047,1.7027220412796702
0.6444294294294294,1.3665930747218304,1.7016359513100783
0.6454254254254254,1.3660273622162697,1.7005532133660464
0.6464214214214213,1.365463392992635,1.6994738119533264
0.6474174174174173,1.364901159005258,1.6983977316730214
0.6484134134134134,1.3643406522579062,1.6973249572208426
0.6494094094094094,1.3637818648034015,1.696255473386398
0.6504054054054054,1.3632247887432436,1.695189265052456
0.6514014014014013,1.362669416227242,1.6941263171942538
0.6523973973973973,1.3621157394531451,1.6930666148787623
0.6533933933933933,1.3615637506662708,1.6920101432640247
0.6543893893893894,1.3610134421591498,1.6909568875984284
0.6553853853853854,1.3604648062711728,1.6899068332200449
0.6563813813813814,1.3599178353882142,1.6888599655559255
0.6573773773773773,1.3593725219423014,1.6878162701214512
0.6583733733733733,1.3588288584112564,1.6867757325196466
0.6593693693693693,1.3582868373183514,1.6857383384405267
0.6603653653653653,1.357746451231964,1.6847040736604375
0.6613613613613614,1.3572076927652401,1.6836729240414101
0.6623573573573573,1.3566705545757574,1.6826448755305072
0.6633533533533533,1.3561350293651886,1.6816199141591996
0.6643493493493493,1.3556011098789755,1.6805980260427156
0.6653453453453453,1.3550687889059991,1.6795791973794296
0.6663413413413413,1.3545380592782499,1.6785634144502335
0.6673373373373372,1.3540089138705236,1.67755066361792
0.6683333333333333,1.353481345600074,1.6765409313265784
0.6693293293293293,1.3529553474263212,1.6755342041009769
0.6703253253253253,1.3524309123505318,1.6745304685459823
0.6713213213213213,1.3519080334155025,1.6735297113459473
0.6723173173173173,1.3513867037052576,1.6725319192641328
0.6733133133133132,1.350866916344744,1.6715370791421258
0.6743093093093092,1.3503486644995282,1.6705451778992477
0.6753053053053053,1.3498319413754958,1.6695562025319932
0.6763013013013013,1.3493167402185544,1.6685701401134634
0.6772972972972973,1.348803054314343,1.6675869777927945
0.6782932932932932,1.3482908769879405,1.6666067027945959
0.6792892892892892,1.3477802016035636,1.6656293024184137
0.6802852852852852,1.3472710215642991,1.6646547640381695
0.6812812812812812,1.346763330311807,1.6636830751016152
0.6822772772772773,1.346257121326047,1.6627142231298058
0.6832732732732733,1.345752388124991,1.6617481957165487
0.6842692692692692,1.345249124264352,1.660784980527892
0.6852652652652652,1.3447473233373153,1.659824565301586
0.6862612612612612,1.3442469789742466,1.6588669378465672
0.6872572572572572,1.3437480848424483,1.6579120860424446
0.6882532532532531,1.3432506346458744,1.6569599978389813
0.6892492492492492,1.3427546221248703,1.6560106612556065
0.6902452452452452,1.3422600410559133,1.6550640643808834
0.6912412412412412,1.3417668852513527,1.6541201953720355
0.6922372372372372,1.3412751485591425,1.6531790424544468
0.6932332332332332,1.3407848248625949,1.6522405939211575
0.6942292292292291,1.34029590808013,1.6513048381324087
0.6952252252252252,1.3398083921650086,1.6503717635151232
0.6962212212212212,1.3393222711050978,1.6494413585624663
0.6972172172172172,1.33883753892262,1.648513611833343
0.6982132132132132,1.3383541896739053,1.6475885119519418
0.6992092092092091,1.3378722174491489,1.6466660476072763
0.7002052052052051,1.3373916163721702,1.6457462075527118
0.7012012012012011,1.3369123806001793,1.644828980605509
0.7021971971971972,1.3364345043235304,1.6439143556463824
0.7031931931931932,1.3359579817654992,1.643002321619039
0.7041891891891892,1.3354828071820364,1.6420928675297395
0.7051851851851851,1.3350089748615503,1.641185982446854
0.7061811811811811,1.3345364791246679,1.6402816555004214
0.7071771771771771,1.3340653143240124,1.639379875881721
0.7081731731731731,1.3335954748439787,1.6384806328428405
0.7091691691691692,1.3331269551005074,1.6375839156962417
0.7101651651651651,1.3326597495408667,1.63668971381435
0.7111611611611611,1.3321938526434303,1.6357980166291213
0.7121571571571571,1.331729258917464,1.6349088136316356
0.7131531531531531,1.3312659629029033,1.634022094371679
0.7141491491491491,1.3308039591701488,1.6331378484573364
0.715145145145145,1.3303432423198416,1.6322560655545844
0.7161411411411411,1.329883806982666,1.6313767353868842
0.7171371371371371,1.3294256478191342,1.6304998477347927
0.7181331331331331,1.328968759519376,1.6296253924355633
0.7191291291291291,1.3285131368029448,1.6287533593827481
0.720125125125125,1.3280587744185999,1.6278837385258078
0.721121121121121,1.327605667144118,1.6270165198697373
0.722117117117117,1.3271538097860849,1.6261516934746687
0.7231131131131131,1.3267031971796976,1.625289249455501
0.7241091091091091,1.326253824188573,1.6244291779815156
0.7251051051051051,1.3258056857045486,1.6235714692760141
0.726101101101101,1.3253587766474857,1.622716113615935
0.727097097097097,1.3249130919650869,1.6218631013315
0.728093093093093,1.3244686266326942,1.6210124228058267
0.729089089089089,1.3240253756531088,1.620164068474601
0.7300850850850851,1.3235833340564034,1.6193180288256883
0.731081081081081,1.3231424968997296,1.6184742943987933
0.732077077077077,1.322702859267141,1.617632855785107
0.733073073073073,1.3222644162694055,1.6167937036269486
0.734069069069069,1.3218271630438276,1.615956828617427
0.735065065065065,1.3213910947540668,1.6151222215000902
0.7360610610610611,1.3209562065899614,1.614289873068588
0.737057057057057,1.3205224937673474,1.6134597741663392
0.738053053053053,1.3200899515278843,1.6126319156861844
0.739049049049049,1.3196585751388856,1.611806288570058
0.740045045045045,1.3192283598931434,1.6109828838086575
0.741041041041041,1.3187993011087527,1.610161692441118
0.7420370370370369,1.3183713941289483,1.6093427055546845
0.743033033033033,1.3179446343219334,1.6085259142843917
0.744029029029029,1.317519017080712,1.6077113098127358
0.745025025025025,1.3170945378229235,1.606898883369378
0.746021021021021,1.3166711919906813,1.6060886262308
0.747017017017017,1.3162489750504027,1.6052805297200219
0.7480130130130129,1.315827882492654,1.6044745852062665
0.7490090090090089,1.3154079098319846,1.6036707841046676
0.750005005005005,1.3149890526067762,1.6028691178759702
0.751001001001001,1.3145713063790725,1.6020695780262046
0.751996996996997,1.3141546667344317,1.6012721561064094
0.7529929929929929,1.3137391292817644,1.6004768437123256
0.7539889889889889,1.3133246896531967,1.5996836324840984
0.7549849849849849,1.3129113435038842,1.5988925141059893
0.7559809809809809,1.3124990865118908,1.5981034803060805
0.756976976976977,1.312087914378028,1.5973165228559936
0.757972972972973,1.3116778228256973,1.5965316335705984
0.7589689689689689,1.311268807600756,1.5957488043077246
0.7599649649649649,1.3108608644713582,1.594968026967895
0.7609609609609609,1.310453989227817,1.5941892934940274
0.7619569569569569,1.3100481776824544,1.5934125958711765
0.7629529529529528,1.3096434256694585,1.5926379261262396
0.7639489489489489,1.3092397290447433,1.5918652763277055
0.7649449449449449,1.3088370836858092,1.5910946385853595
0.7659409409409409,1.3084354854915934,1.590326005050034
0.7669369369369369,1.308034930382341,1.5895593679133342
0.7679329329329329,1.3076354142994622,1.5887947194073764
0.7689289289289288,1.3072369332053926,1.5880320518045195
0.7699249249249248,1.3068394830834666,1.587271357417115
0.7709209209209209,1.3064430599377683,1.5865126285972346
0.7719169169169169,1.3060476597930095,1.5857558577364315
0.7729129129129129,1.305653278694393,1.5850010372654686
0.7739089089089088,1.30525991270748,1.5842481596540827
0.7749049049049048,1.304867557918057,1.5834972174107207
0.7759009009009008,1.3044762104320131,1.58274820308229
0.7768968968968969,1.3040858663752004,1.58200110925393
0.7778928928928929,1.303696521893324,1.5812559285487466
0.7788888888888889,1.303308173151789,1.5805126536275838
0.7798848848848848,1.3029208163355985,1.5797712771887742
0.7808808808808808,1.302534447649218,1.5790317919679018
0.7818768768768768,1.3021490633164512,1.5782941907375656
0.7828728728728728,1.301764659580318,1.577558466307151
0.7838688688688689,1.3013812327029366,1.5768246115225806
0.7848648648648648,1.3009987789653956,1.5760926192660947
0.7858608608608608,1.300617294667638,1.5753624824560213
0.7868568568568568,1.3002367761283395,1.5746341940465352
0.7878528528528528,1.299857219684792,1.5739077470274483
0.7888488488488488,1.2994786216927903,1.5731831344239786
0.7898448448448447,1.299100978526501,1.5724603492965112
0.7908408408408408,1.2987242865783637,1.5717393847404082
0.7918368368368368,1.2983485422589662,1.571020233885759
0.7928328328328328,1.297973741996934,1.5703028898971774
0.7938288288288288,1.2975998822388168,1.5695873459735818
0.7948248248248247,1.2972269594489725,1.5688735953479835
0.7958208208208207,1.2968549701094616,1.5681616312872677
0.7968168168168167,1.296483910719936,1.567451447091982
0.7978128128128128,1.2961137777975207,1.5667430360961359
0.7988088088088088,1.2957445678767168,1.5660363916669722
0.7998048048048048,1.295376277509287,1.565331507204784
0.8008008008008007,1.2950089032641436,1.5646283761426993
0.8017967967967967,1.2946424417272553,1.5639269919464647
0.8027927927927927,1.2942768895015286,1.5632273481142647
0.8037887887887887,1.2939122432067067,1.5625294381765051
0.8047847847847848,1.2935484994792728,1.5618332556956147
0.8057807807807807,1.2931856549723324,1.5611387942658594
0.8067767767767767,1.2928237063555237,1.560446047513132
0.8077727727727727,1.2924626503149066,1.5597550090947676
0.8087687687687687,1.2921024835528683,1.5590656726993404
0.8097647647647647,1.2917432027880216,1.5583780320464797
0.8107607607607608,1.291384804755098,1.5576920808866725
0.8117567567567567,1.2910272862048595,1.5570078130010787
0.8127527527527527,1.2906706439039917,1.5563252222013448
0.8137487487487487,1.290314874635013,1.555644302329412
0.8147447447447447,1.2899599751961743,1.5549650472573306
0.8157407407407407,1.2896059424013622,1.554287450887087
0.8167367367367366,1.2892527730800045,1.553611507150407
0.8177327327327327,1.2889004640769772,1.5529372100085828
0.8187287287287287,1.2885490122525112,1.552264553452287
0.8197247247247247,1.2881984144820942,1.5515935315014076
0.8207207207207207,1.2878486676563812,1.5509241382048542
0.8217167167167166,1.2874997686811036,1.5502563676403927
0.8227127127127126,1.2871517144769749,1.5495902139144648
0.8237087087087086,1.286804501979606,1.5489256711620212
0.8247047047047047,1.2864581281394083,1.5482627335463424
0.8257007007007007,1.2861125899215071,1.547601395258869
0.8266966966966967,1.2857678843056548,1.5469416505190403
0.8276926926926926,1.2854240082861392,1.5462834935741137
0.8286886886886886,1.2850809588717005,1.5456269186990061
0.8296846846846846,1.2847387330854403,1.5449719201961254
0.8306806806806806,1.284397327964741,1.5443184923952047
0.8316766766766767,1.2840567405611727,1.543666629653135
0.8326726726726726,1.2837169679404137,1.5430163263538186
0.8336686686686686,1.2833780071821692,1.5423675769079808
0.8346646646646646,1.283039855380075,1.5417203757530429
0.8356606606606606,1.2827025096416325,1.5410747173529302
0.8366566566566566,1.2823659670881093,1.5404305961979368
0.8376526526526525,1.2820302248544664,1.5397880068045628
0.8386486486486486,1.2816952800892765,1.5391469437153529
0.8396446446446446,1.2813611299546432,1.5385074014987505
0.8406406406406406,1.2810277716261145,1.5378693747489398
0.8416366366366366,1.2806952022926141,1.537232858085693
0.8426326326326325,1.2803634191563522,1.5365978461542182
0.8436286286286285,1.2800324194327528,1.5359643336250164
0.8446246246246245,1.2797022003503755,1.5353323151937228
0.8456206206206206,1.279372759150835,1.5347017855809661
0.8466166166166166,1.2790440930887288,1.5340727395322133
0.8476126126126126,1.278716199431555,1.5334451718176358
0.8486086086086085,1.2783890754596434,1.5328190772319523
0.8496046046046045,1.2780627184660756,1.532194450594294
0.8506006006006005,1.2777371257566121,1.5315712867480538
0.8515965965965966,1.277412294649617,1.5309495805607567
0.8525925925925926,1.2770882224759845,1.5303293269238971
0.8535885885885885,1.276764906579069,1.5297105207528254
0.8545845845845845,1.2764423443146058,1.5290931569865878
0.8555805805805805,1.276120533050648,1.5284772305878032
0.8565765765765765,1.2757994701674866,1.5278627365425133
0.8575725725725725,1.2754791530575835,1.5272496698600584
0.8585685685685686,1.275159579125504,1.5266380255729322
0.8595645645645645,1.2748407457878355,1.5260277987366542
0.8605605605605605,1.2745226504731306,1.5254189844296377
0.8615565565565565,1.2742052906218304,1.5248115777530469
0.8625525525525525,1.273888663686202,1.5242055738306806
0.8635485485485485,1.273572767130262,1.523600967808829
0.8645445445445444,1.2732575984297154,1.5229977548561493
0.8655405405405405,1.2729431550718864,1.5223959301635426
0.8665365365365365,1.2726294345556506,1.5217954889440095
0.8675325325325325,1.2723164343913689,1.5211964264325424
0.8685285285285285,1.272004152100827,1.5205987378859918
0.8695245245245244,1.2716925852171566,1.5200024185829348
0.8705205205205204,1.2713817312847888,1.5194074638235613
0.8715165165165164,1.2710715878593721,1.5188138689295412
0.8725125125125125,1.2707621525077202,1.5182216292439084
0.8735085085085085,1.2704534228077435,1.5176307401309364
0.8745045045045045,1.2701453963483877,1.51704119697602
0.8755005005005004,1.2698380707295687,1.5164529951855474
0.8764964964964964,1.269531443562111,1.5158661301867935
0.8774924924924924,1.2692255124676886,1.5152805974277885
0.8784884884884884,1.2689202750787578,1.5146963923772057
0.8794844844844845,1.2686157290385038,1.5141135105242514
0.8804804804804804,1.2683118720007742,1.5135319473785358
0.8814764764764764,1.2680087016300203,1.512951698469966
0.8824724724724724,1.2677062156012364,1.5123727593486298
0.8834684684684684,1.2674044115999032,1.511795125584685
0.8844644644644644,1.2671032873219257,1.5112187927682377
0.8854604604604603,1.266802840473576,1.5106437565092385
0.8864564564564564,1.2665030687714351,1.5100700124373678
0.8874524524524524,1.2662039699423333,1.5094975562019264
0.8884484484484484,1.2659055417233005,1.50892638347172
0.8894444444444444,1.2656077818614924,1.5083564899349604
0.8904404404404404,1.2653106881141543,1.5077878712991526
0.8914364364364363,1.2650142582485462,1.5072205232909734
0.8924324324324324,1.2647184900419022,1.506654441656191
0.8934284284284284,1.2644233812813663,1.5060896221595343
0.8944244244244244,1.264128929763936,1.505526060584604
0.8954204204204204,1.263835133296417,1.5049637527337523
0.8964164164164163,1.263541989695353,1.504402694427996
0.8974124124124123,1.2632494967869914,1.5038428815069014
0.8984084084084083,1.2629576524072104,1.5032843098284805
0.8994044044044044,1.2626664544014787,1.502726975269097
0.9004004004004004,1.2623759006247992,1.5021708737233608
0.9013963963963963,1.2620859889416527,1.5016160011040158
0.9023923923923923,1.261796717225949,1.5010623533418679
0.9033883883883883,1.2615080833609709,1.5005099263856578
0.9043843843843843,1.2612200852393327,1.499958716201974
0.9053803803803803,1.2609327207629162,1.4994087187751586
0.9063763763763764,1.2606459878428269,1.4988599301071914
0.9073723723723723,1.260359884399343,1.4983123462176258
0.9083683683683683,1.260074408361863,1.4977659631434552
0.9093643643643643,1.2597895576688578,1.4972207769390438
0.9103603603603603,1.2595053302678196,1.4966767836760244
0.9113563563563563,1.259221724115212,1.4961339794431951
0.9123523523523522,1.2589387371764251,1.4955923603464418
0.9133483483483483,1.258656367425719,1.4950519225086278
0.9143443443443443,1.2583746128461863,1.4945126620695195
0.9153403403403403,1.2580934714296943,1.4939745751856732
0.9163363363363363,1.257812941176842,1.4934376580303708
0.9173323323323322,1.2575330200969108,1.4929019067934939
0.9183283283283282,1.2572537062078206,1.4923673176814722
0.9193243243243242,1.2569749975360782,1.4918338869171703
0.9203203203203203,1.2566968921167372,1.491301610739786
0.9213163163163163,1.2564193879933443,1.4907704854048103
0.9223123123123123,1.2561424832178991,1.4902405071838847
0.9233083083083082,1.2558661758508063,1.4897116723647517
0.9243043043043042,1.2555904639608297,1.4891839772511428
0.9253003003003002,1.255315345625051,1.4886574181627152
0.9262962962962962,1.2550408189288216,1.4881319914349496
0.9272922922922923,1.2547668819657134,1.487607693419073
0.9282882882882882,1.25449353283749,1.4870845204819703
0.9292842842842842,1.2542207696540437,1.4865624690061023
0.9302802802802802,1.2539485905333687,1.486041535389424
0.9312762762762762,1.2536769936015044,1.4855217160452945
0.9322722722722722,1.2534059769925034,1.485003007402409
0.9332682682682683,1.2531355388483791,1.4844854059047026
0.9342642642642642,1.2528656773190725,1.4839689080112721
0.9352602602602602,1.2525963905624002,1.4834535101963013
0.9362562562562562,1.2523276767440241,1.4829392089489803
0.9372522522522522,1.252059534037398,1.4824260007734145
0.9382482482482482,1.251791960623734,1.4819138821885611
0.9392442442442441,1.2515249546919578,1.4814028497281366
0.9402402402402402,1.2512585144386712,1.480892899940551
0.9412362362362362,1.2509926380681053,1.4803840293888213
0.9422322322322322,1.2507273237920884,1.4798762346504892
0.9432282282282282,1.2504625698299987,1.4793695123175683
0.9442242242242241,1.2501983744087282,1.4788638589964374
0.9452202202202201,1.2499347357626447,1.4783592713077862
0.9462162162162161,1.2496716521335465,1.4778557458865302
0.9472122122122122,1.249409121770628,1.4773532793817377
0.9482082082082082,1.2491471429304384,1.476851868456559
0.9492042042042041,1.2488857138768512,1.476351509788148
0.9502002002002001,1.2486248328810108,1.4758522000675904
0.9511961961961961,1.2483644982213062,1.4753539359998324
0.9521921921921921,1.2481047081833292,1.4748567143036042
0.9531881881881881,1.247845461059839,1.4743605317113528
0.9541841841841842,1.2475867551507205,1.4738653849691679
0.9551801801801801,1.2473285887629506,1.4733712708367128
0.9561761761761761,1.2470709602105612,1.4728781860871423
0.9571721721721721,1.2468138678146,1.4723861275070576
0.9581681681681681,1.2465573099030969,1.4718950918964064
0.9591641641641641,1.2463012848110264,1.4714050760684396
0.96016016016016,1.2460457908802687,1.4709160768496252
0.9611561561561561,1.2457908264595836,1.4704280910795826
0.9621521521521521,1.2455363899045615,1.4699411156110245
0.9631481481481481,1.2452824795775954,1.4694551473096753
0.9641441441441441,1.2450290938478548,1.4689701830542177
0.96514014014014,1.2447762310912247,1.468486219736209
0.966136136136136,1.2445238896902997,1.4680032542600376
0.9671321321321321,1.2442720680343342,1.467521283542832
0.9681281281281281,1.2440207645192074,1.4670403045144125
0.9691241241241241,1.243769977547399,1.466560314117222
0.97012012012012,1.2435197055279443,1.466081309306258
0.971116116116116,1.2432699468764083,1.4656032870490077
0.972112112112112,1.2430207000148468,1.465126244325391
0.973108108108108,1.2427719633717789,1.4646501781276884
0.9741041041041041,1.2425237353821468,1.4641750854604836
0.9751001001001001,1.2422760144872926,1.4637009633405982
0.976096096096096,1.2420287991349164,1.4632278087970312
0.977092092092092,1.2417820877790477,1.462755618870892
0.978088088088088,1.2415358788800117,1.462284390615346
0.979084084084084,1.2412901709044075,1.4618141210955482
0.98008008008008,1.241044962325054,1.4613448073885826
0.981076076076076,1.2408002516209802,1.4608764465834032
0.982072072072072,1.2405560372773854,1.4604090357807744
0.983068068068068,1.2403123177856041,1.4599425720932095
0.984064064064064,1.2400690916430817,1.459477052644912
0.98506006006006,1.2398263573533377,1.4590124745717143
0.986056056056056,1.239584113425941,1.458548835021024
0.9870520520520519,1.2393423583764724,1.4580861311517601
0.988048048048048,1.2391010907265023,1.4576243601342973
0.989044044044044,1.2388603090035541,1.457163519150412
0.99004004004004,1.2386200117410766,1.456703605393217
0.991036036036036,1.2383801974784145,1.456244616067109
0.9920320320320319,1.2381408647607786,1.4557865483877144
0.9930280280280279,1.237902012139216,1.455329399581829
0.9940240240240239,1.2376636381705812,1.4548731668873676
0.99502002002002,1.2374257414175072,1.4544178475532916
0.996016016016016,1.2371883204483751,1.4539634388395817
0.997012012012012,1.2369513738372884,1.4535099380171583
0.9980080080080079,1.2367149001640427,1.45305734236784
0.9990040040040039,1.2364788980140953,1.4526056491842831
1.0,1.2362433659785403,1.4521548557699293
